"Name","Team","W","L","SV","G","GS","IP","K/9","BB/9","HR/9","BABIP","LOB%","GB%","HR/FB","ERA","FIP","xFIP","WAR","playerid"
"CC Sabathia","- - -","17","10","0","35","35","253.0","8.93","2.10","0.68",".297","77.7 %","46.6 %","8.8 %","2.70","2.91","3.06","7.3","404"
"Tim Lincecum","Giants","18","5","0","34","33","227.0","10.51","3.33","0.44",".304","77.9 %","43.9 %","5.6 %","2.62","2.62","3.12","7.1","5705"
"Roy Halladay","Blue Jays","20","11","0","34","33","246.0","7.54","1.43","0.66",".284","74.5 %","53.7 %","9.4 %","2.78","3.03","3.11","6.8","1303"
"Cliff Lee","Indians","22","3","0","31","31","223.1","6.85","1.37","0.48",".301","78.3 %","45.9 %","5.1 %","2.54","2.83","3.52","6.7","1636"
"Dan Haren","Diamondbacks","16","8","0","33","33","216.0","8.58","1.67","0.79",".303","73.4 %","44.2 %","8.9 %","3.33","3.01","3.16","6.2","1757"
"Ervin Santana","Angels","16","7","0","32","32","219.0","8.79","1.93","0.95",".289","74.3 %","38.8 %","8.9 %","3.49","3.30","3.48","5.5","3200"
"Brandon Webb","Diamondbacks","22","7","0","34","34","226.2","7.27","2.58","0.52",".288","71.0 %","64.4 %","9.6 %","3.30","3.28","3.33","5.5","1692"
"Johan Santana","Mets","16","7","0","34","34","234.1","7.91","2.42","0.88",".274","82.6 %","41.2 %","9.4 %","2.53","3.51","3.61","5.3","755"
"A.J. Burnett","Blue Jays","18","10","0","35","34","221.1","9.39","3.50","0.77",".314","70.5 %","48.5 %","9.7 %","4.07","3.45","3.49","5.1","512"
"Derek Lowe","Dodgers","14","11","0","34","34","211.0","6.27","1.92","0.60",".280","70.8 %","60.3 %","9.5 %","3.24","3.26","3.32","4.8","199"
"John Danks","White Sox","12","9","0","33","33","195.0","7.34","2.63","0.69",".293","76.1 %","42.8 %","7.4 %","3.32","3.44","3.82","4.8","6329"
"Cole Hamels","Phillies","14","10","0","33","33","227.1","7.76","2.10","1.11",".259","76.0 %","39.5 %","11.2 %","3.09","3.72","3.58","4.8","4972"
"Ben Sheets","Brewers","13","9","0","31","31","198.1","7.17","2.13","0.77",".278","75.5 %","40.6 %","7.0 %","3.09","3.38","3.88","4.7","710"
"Javier Vazquez","White Sox","12","16","0","33","33","208.1","8.64","2.64","1.08",".316","68.3 %","38.2 %","9.8 %","4.67","3.74","3.79","4.7","801"
"Ryan Dempster","Cubs","17","6","0","33","33","206.2","8.14","3.31","0.61",".280","76.7 %","48.1 %","7.7 %","2.96","3.41","3.69","4.7","517"
"Mike Mussina","Yankees","20","9","0","34","34","200.1","6.74","1.39","0.76",".321","73.3 %","48.5 %","9.2 %","3.37","3.32","3.43","4.6","837"
"Rich Harden","- - -","10","2","0","25","25","148.0","11.01","3.71","0.67",".251","84.4 %","30.0 %","6.5 %","2.07","2.95","3.50","4.5","1772"
"Aaron Cook","Rockies","16","9","0","32","32","211.1","4.09","2.04","0.55",".308","68.9 %","55.9 %","7.6 %","3.96","3.76","4.02","4.4","1571"
"Chad Billingsley","Dodgers","16","10","0","35","32","200.2","9.01","3.59","0.63",".313","78.0 %","49.0 %","8.1 %","3.14","3.35","3.58","4.4","5842"
"Edinson Volquez","Reds","17","6","0","33","32","196.0","9.46","4.27","0.64",".299","75.5 %","46.3 %","8.0 %","3.21","3.60","3.84","4.2","3990"
"Gil Meche","Royals","14","11","0","34","34","210.1","7.83","3.12","0.81",".303","71.5 %","39.2 %","7.9 %","3.98","3.61","3.94","4.2","1089"
"Zack Greinke","Royals","13","10","0","32","32","202.1","8.14","2.49","0.93",".308","75.2 %","42.7 %","9.1 %","3.47","3.56","3.71","4.2","1943"
"Mark Buehrle","White Sox","15","12","0","34","34","218.2","5.76","2.14","0.91",".312","71.8 %","49.6 %","9.9 %","3.79","3.94","3.98","4.2","225"
"Josh Beckett","Red Sox","12","10","0","27","27","174.1","8.88","1.76","0.93",".315","71.3 %","40.8 %","10.5 %","4.03","3.24","3.19","4.1","510"
"Jon Lester","Red Sox","16","6","0","33","33","210.1","6.50","2.82","0.60",".297","77.4 %","47.5 %","7.0 %","3.21","3.64","4.02","4.1","4930"
"Ricky Nolasco","Marlins","15","8","0","34","32","212.1","7.88","1.78","1.19",".271","75.7 %","38.7 %","10.7 %","3.52","3.77","3.68","4.0","3830"
"Ubaldo Jimenez","Rockies","12","12","0","34","34","198.2","7.79","4.67","0.50",".299","70.8 %","54.4 %","6.9 %","3.99","3.83","4.16","3.8","3374"
"Jair Jurrjens","Braves","13","10","0","31","31","188.1","6.64","3.35","0.53",".301","71.0 %","51.7 %","7.1 %","3.68","3.59","3.92","3.8","5556"
"Andy Pettitte","Yankees","14","14","0","33","33","204.0","6.97","2.43","0.84",".333","68.2 %","51.5 %","10.3 %","4.54","3.71","3.68","3.8","840"
"James Shields","Rays","14","8","0","33","33","215.0","6.70","1.67","1.00",".287","73.3 %","46.3 %","9.8 %","3.56","3.82","3.87","3.8","7059"
"Randy Johnson","Diamondbacks","11","10","0","30","30","184.0","8.46","2.15","1.17",".301","70.9 %","40.2 %","10.8 %","3.91","3.76","3.66","3.7","60"
"Roy Oswalt","Astros","17","10","0","32","32","208.2","7.12","2.03","0.99",".285","74.6 %","50.3 %","12.7 %","3.54","3.80","3.51","3.7","571"
"Matt Cain","Giants","8","14","0","34","34","217.2","7.69","3.76","0.79",".297","75.3 %","33.2 %","6.9 %","3.76","3.91","4.45","3.7","4732"
"Jake Peavy","Padres","10","11","0","27","27","173.2","8.60","3.06","0.88",".279","82.2 %","40.6 %","9.7 %","2.85","3.60","3.65","3.6","1051"
"Andy Sonnanstine","Rays","13","9","0","32","32","193.1","5.77","1.72","0.98",".302","66.3 %","42.1 %","8.0 %","4.38","3.91","4.29","3.6","7667"
"Hiroki Kuroda","Dodgers","9","10","0","31","31","183.1","5.69","2.06","0.64",".281","68.5 %","51.3 %","7.6 %","3.73","3.59","3.89","3.6","3283"
"Scott Baker","Twins","11","4","0","28","28","172.1","7.36","2.19","1.04",".284","78.7 %","32.9 %","8.5 %","3.45","3.79","4.08","3.3","6176"
"Felix Hernandez","Mariners","9","11","0","31","31","200.2","7.85","3.59","0.76",".314","76.7 %","52.1 %","9.9 %","3.45","3.80","3.83","3.3","4772"
"Jered Weaver","Angels","11","10","0","30","30","176.2","7.74","2.75","1.02",".298","70.7 %","32.6 %","8.3 %","4.33","3.90","4.23","3.2","4235"
"Mariano Rivera","Yankees","6","5","39","64","0","70.2","9.81","0.76","0.51",".218","87.6 %","54.7 %","7.5 %","1.40","2.03","2.28","3.2","844"
"Kyle Lohse","Cardinals","15","6","0","33","33","200.0","5.36","2.21","0.81",".297","73.6 %","45.8 %","8.6 %","3.78","3.89","4.11","3.2","739"
"Mike Pelfrey","Mets","13","11","0","32","32","200.2","4.93","2.87","0.54",".302","74.3 %","49.6 %","6.3 %","3.72","3.96","4.45","3.1","5203"
"Matt Garza","Rays","11","9","0","30","30","184.2","6.24","2.88","0.93",".270","72.9 %","41.7 %","8.4 %","3.70","4.14","4.42","3.1","3340"
"Joba Chamberlain","Yankees","4","3","0","42","12","100.1","10.58","3.50","0.45",".324","79.3 %","52.0 %","5.8 %","2.60","2.65","3.14","3.0","2692"
"Justin Verlander","Tigers","11","17","0","33","33","201.0","7.30","3.90","0.81",".296","65.4 %","39.9 %","7.0 %","4.84","4.18","4.70","3.0","8700"
"Wandy Rodriguez","Astros","9","7","0","25","25","137.1","8.58","2.88","0.92",".310","72.6 %","40.4 %","9.6 %","3.54","3.62","3.70","2.9","2586"
"Kevin Millwood","Rangers","9","10","0","29","29","168.2","6.67","2.61","0.96",".355","68.5 %","40.7 %","9.2 %","5.07","4.02","4.15","2.9","106"
"Bronson Arroyo","Reds","15","11","0","34","34","200.0","7.34","3.06","1.31",".314","70.1 %","41.5 %","13.1 %","4.77","4.50","4.07","2.8","978"
"Ted Lilly","Cubs","17","9","0","34","34","204.2","8.09","2.81","1.41",".270","76.0 %","33.6 %","12.1 %","4.09","4.41","4.08","2.8","833"
"Carlos Zambrano","Cubs","14","6","0","30","30","188.2","6.20","3.43","0.86",".270","73.4 %","47.2 %","9.0 %","3.91","4.23","4.40","2.8","305"
"Jamie Moyer","Phillies","16","7","0","33","33","196.1","5.64","2.84","0.92",".286","76.6 %","43.9 %","9.0 %","3.71","4.32","4.48","2.8","1091"
"Jonathan Papelbon","Red Sox","5","4","41","67","0","69.1","10.00","1.04","0.52",".293","69.5 %","49.2 %","7.0 %","2.34","2.01","2.34","2.7","5975"
"Jonathan Sanchez","Giants","9","12","0","29","29","158.0","8.94","4.27","0.80",".317","67.5 %","41.1 %","8.4 %","5.01","3.85","4.09","2.7","7507"
"Kevin Slowey","Twins","12","11","0","27","27","160.1","6.90","1.35","1.23",".290","72.7 %","36.1 %","9.9 %","3.99","3.91","3.96","2.7","9918"
"Randy Wolf","- - -","12","12","0","33","33","190.1","7.66","3.36","0.99",".305","71.1 %","38.8 %","9.7 %","4.30","4.17","4.24","2.6","976"
"Paul Maholm","Pirates","9","9","0","31","31","206.1","6.06","2.75","0.92",".290","75.5 %","53.6 %","12.1 %","3.71","4.15","3.94","2.6","8678"
"Daisuke Matsuzaka","Red Sox","18","3","0","29","29","167.2","8.27","5.05","0.64",".258","80.6 %","38.6 %","6.1 %","2.90","4.03","4.64","2.6","7775"
"Adam Wainwright","Cardinals","11","3","0","20","20","132.0","6.20","2.32","0.82",".272","76.0 %","45.9 %","8.5 %","3.20","3.78","4.01","2.6","2233"
"Justin Duchscherer","Athletics","10","8","0","22","22","141.2","6.04","2.16","0.70",".235","77.8 %","41.4 %","6.9 %","2.54","3.69","4.16","2.5","910"
"Greg Maddux","- - -","8","13","0","33","33","194.0","4.55","1.39","0.97",".282","64.1 %","49.3 %","10.9 %","4.22","4.09","3.98","2.4","104"
"Brian Fuentes","Rockies","1","5","30","67","0","62.2","11.78","3.16","0.43",".297","73.0 %","32.6 %","4.5 %","2.73","2.24","3.00","2.4","429"
"Hong-Chih Kuo","Dodgers","5","3","1","42","3","80.0","10.80","2.36","0.45",".281","80.4 %","46.4 %","6.1 %","2.14","2.28","2.72","2.4","7016"
"Jeremy Guthrie","Orioles","10","12","0","30","30","190.2","5.66","2.74","1.13",".259","76.7 %","43.8 %","10.5 %","3.63","4.53","4.48","2.3","2072"
"Doug Davis","Diamondbacks","6","8","0","26","26","146.0","6.90","3.95","0.80",".322","72.5 %","47.0 %","9.2 %","4.32","4.15","4.27","2.3","1244"
"Manny Parra","Brewers","10","8","0","32","29","166.0","7.97","4.07","0.98",".327","71.7 %","51.6 %","13.5 %","4.39","4.16","3.81","2.3","4279"
"Jorge Campillo","Braves","8","7","0","39","25","158.2","6.07","2.16","1.02",".285","71.6 %","37.9 %","9.4 %","3.91","4.00","4.12","2.3","8686"
"Tim Hudson","Braves","11","7","0","23","22","142.0","5.39","2.54","0.70",".262","75.2 %","59.4 %","11.5 %","3.17","3.83","3.71","2.3","921"
"Brad Lidge","Phillies","2","0","41","72","0","69.1","11.94","4.54","0.26",".296","82.9 %","46.2 %","3.9 %","1.95","2.41","3.01","2.3","563"
"Joe Saunders","Angels","17","7","0","31","31","198.0","4.68","2.41","0.95",".266","75.7 %","46.6 %","8.7 %","3.41","4.36","4.60","2.3","4366"
"Dana Eveland","Athletics","9","9","0","29","29","168.0","6.32","4.13","0.54",".312","72.5 %","48.7 %","6.6 %","4.34","4.09","4.51","2.2","5508"
"Jorge de la Rosa","Rockies","10","8","0","28","23","130.0","8.86","4.29","0.90",".319","67.1 %","45.7 %","10.5 %","4.92","4.06","4.01","2.2","2047"
"Gavin Floyd","White Sox","17","8","0","33","33","206.1","6.32","3.05","1.31",".256","71.4 %","41.1 %","11.8 %","3.84","4.77","4.50","2.2","3886"
"Jonathan Broxton","Dodgers","3","5","14","70","0","69.0","11.48","3.52","0.26",".315","67.7 %","44.5 %","3.8 %","3.13","2.26","2.90","2.2","4759"
"Jesse Litsch","Blue Jays","13","9","0","29","28","176.0","5.06","1.99","1.02",".278","74.1 %","48.4 %","10.7 %","3.58","4.29","4.21","2.2","3688"
"Dustin McGowan","Blue Jays","6","7","0","19","19","111.1","6.87","3.07","0.73",".315","67.4 %","41.4 %","7.1 %","4.37","3.81","4.27","2.2","8600"
"Brett Myers","Phillies","10","13","0","30","30","190.0","7.72","3.08","1.37",".303","72.6 %","47.1 %","15.7 %","4.55","4.52","3.82","2.1","962"
"Kerry Wood","Cubs","5","4","34","65","0","66.1","11.40","2.44","0.41",".311","73.5 %","38.8 %","4.6 %","3.26","2.32","3.02","2.1","304"
"Grant Balfour","Rays","6","2","4","51","0","58.1","12.65","3.70","0.46",".217","87.9 %","29.3 %","5.0 %","1.54","2.22","2.91","2.1","718"
"Zach Duke","Pirates","5","14","0","31","31","185.0","4.23","2.29","0.92",".315","67.2 %","48.2 %","9.3 %","4.82","4.40","4.52","2.0","3840"
"Todd Wellemeyer","Cardinals","13","9","0","32","32","191.2","6.29","2.91","1.17",".264","76.9 %","39.3 %","10.6 %","3.71","4.51","4.44","2.0","1709"
"Scott Kazmir","Rays","12","8","0","27","27","152.1","9.81","4.14","1.36",".265","82.5 %","30.8 %","12.0 %","3.49","4.37","4.07","2.0","4897"
"Nick Blackburn","Twins","11","11","0","33","33","193.1","4.47","1.82","1.07",".305","70.7 %","44.9 %","10.0 %","4.05","4.40","4.42","2.0","4270"
"Jose Contreras","White Sox","7","6","0","20","20","121.0","5.21","2.60","0.89",".294","68.8 %","51.0 %","9.9 %","4.54","4.21","4.24","2.0","1660"
"Josh Johnson","Marlins","7","1","0","14","14","87.1","7.94","2.78","0.72",".332","76.0 %","47.6 %","9.0 %","3.61","3.37","3.51","1.9","4567"
"Aaron Harang","Reds","6","17","0","30","29","184.1","7.47","2.44","1.71",".307","73.6 %","34.1 %","13.9 %","4.78","4.79","4.12","1.9","1451"
"Joe Blanton","- - -","9","12","0","33","33","197.2","5.05","3.01","1.00",".290","68.4 %","44.3 %","9.4 %","4.69","4.52","4.64","1.9","4849"
"Chad Qualls","Diamondbacks","4","8","9","77","0","73.2","8.67","2.20","0.49",".279","69.4 %","58.3 %","8.5 %","2.81","2.77","2.90","1.9","2170"
"Joe Nathan","Twins","1","2","39","68","0","67.2","9.84","2.39","0.67",".235","89.3 %","47.3 %","9.1 %","1.33","2.79","2.90","1.8","1122"
"Ramon Ramirez","Royals","3","2","1","71","0","71.2","8.79","3.89","0.25",".286","76.3 %","46.0 %","3.0 %","2.64","2.84","3.69","1.8","7986"
"Shaun Marcum","Blue Jays","9","7","0","25","25","151.1","7.31","2.97","1.25",".245","80.2 %","43.1 %","11.9 %","3.39","4.46","4.19","1.8","6204"
"Takashi Saito","Dodgers","4","4","18","45","0","47.0","11.49","3.06","0.19",".331","77.7 %","46.6 %","2.3 %","2.49","2.00","2.93","1.7","6021"
"Matt Thornton","White Sox","5","3","1","74","0","67.1","10.29","2.54","0.67",".261","79.0 %","53.0 %","10.9 %","2.67","2.75","2.68","1.7","1918"
"John Maine","Mets","10","8","0","25","25","140.0","7.84","4.31","1.03",".266","72.1 %","40.4 %","10.1 %","4.18","4.40","4.40","1.7","4773"
"Braden Looper","Cardinals","12","14","0","33","33","199.0","4.88","2.04","1.13",".292","72.2 %","48.4 %","11.7 %","4.16","4.52","4.30","1.7","526"
"Chris Sampson","Astros","6","4","0","54","11","117.1","4.68","1.76","0.61",".287","63.3 %","56.2 %","7.2 %","4.22","3.64","4.00","1.7","2651"
"Oliver Perez","Mets","10","7","0","34","34","194.0","8.35","4.87","1.11",".271","73.4 %","32.0 %","9.8 %","4.22","4.68","4.74","1.7","1514"
"Jason Marquis","Cubs","11","9","0","29","28","167.0","4.90","3.77","0.81",".283","71.2 %","47.6 %","8.3 %","4.53","4.61","4.86","1.7","105"
"Chien-Ming Wang","Yankees","8","2","0","15","15","95.0","5.12","3.32","0.38",".281","68.6 %","55.0 %","5.7 %","4.07","3.74","4.17","1.6","2074"
"Andrew Miller","Marlins","6","10","0","29","20","107.1","7.46","4.70","0.59",".336","59.9 %","45.9 %","6.5 %","5.87","4.00","4.46","1.6","6785"
"Cha Seung Baek","- - -","6","10","0","32","21","141.0","5.87","2.74","1.15",".287","68.4 %","40.6 %","9.9 %","4.79","4.47","4.51","1.5","8214"
"Clayton Kershaw","Dodgers","5","5","0","22","21","107.2","8.36","4.35","0.92",".320","75.7 %","48.0 %","11.6 %","4.26","4.08","3.91","1.5","2036"
"Joey Devine","Athletics","6","1","1","42","0","45.2","9.66","2.96","0.00",".217","81.6 %","38.8 %","0.0 %","0.59","1.97","3.24","1.5","9862"
"Francisco Rodriguez","Angels","2","3","62","76","0","68.1","10.14","4.48","0.53",".292","81.8 %","42.4 %","6.2 %","2.24","3.22","3.71","1.5","1642"
"Chris Volstad","Marlins","6","4","0","15","14","84.1","5.55","3.84","0.32",".271","77.1 %","53.4 %","3.9 %","2.88","3.82","4.55","1.5","9901"
"Kyle Davies","Royals","9","7","0","21","21","113.0","5.65","3.42","0.80",".307","71.7 %","38.8 %","6.9 %","4.06","4.22","4.76","1.5","3642"
"Johnny Cueto","Reds","9","14","0","31","31","174.0","8.17","3.52","1.50",".298","72.5 %","38.6 %","13.9 %","4.81","4.90","4.31","1.5","6893"
"Ian Snell","Pirates","7","12","0","31","31","164.1","7.39","4.87","0.99",".351","69.3 %","37.9 %","9.2 %","5.42","4.57","4.72","1.5","2227"
"Chris Young","Padres","7","6","0","18","18","102.1","8.18","4.22","1.14",".254","75.8 %","21.7 %","8.7 %","3.96","4.40","4.68","1.4","3196"
"Brian Moehler","Astros","11","8","0","31","26","150.0","4.92","2.16","1.20",".287","71.4 %","43.6 %","11.0 %","4.56","4.57","4.44","1.4","480"
"Frank Francisco","Rangers","3","5","5","58","0","63.1","11.79","3.69","0.99",".270","77.5 %","32.7 %","9.5 %","3.13","3.18","3.28","1.4","1933"
"Greg Smith","Athletics","7","16","0","32","32","190.1","5.25","4.11","0.99",".256","72.7 %","34.2 %","7.9 %","4.16","4.82","5.23","1.4","3455"
"Jeff Francis","Rockies","4","10","0","24","24","143.2","5.89","3.07","1.32",".305","70.7 %","43.6 %","12.2 %","5.01","4.81","4.49","1.4","4684"
"Odalis Perez","Nationals","7","12","0","30","30","159.2","6.71","3.10","1.24",".316","73.8 %","46.7 %","12.7 %","4.34","4.62","4.25","1.4","668"
"Carlos Marmol","Cubs","2","4","7","82","0","87.1","11.75","4.23","1.03",".169","78.1 %","34.6 %","9.9 %","2.68","3.62","3.66","1.4","2790"
"Francisco Liriano","Twins","6","4","0","14","14","76.0","7.93","3.79","0.83",".302","68.9 %","41.6 %","7.7 %","3.91","3.87","4.25","1.4","3201"
"John Lannan","Nationals","9","15","0","31","31","182.0","5.79","3.56","1.14",".266","74.0 %","54.2 %","15.2 %","3.91","4.79","4.24","1.4","7080"
"Joakim Soria","Royals","2","3","42","63","0","67.1","8.82","2.54","0.67",".207","89.5 %","44.6 %","7.4 %","1.60","3.25","3.62","1.3","6941"
"John Lackey","Angels","12","5","0","24","24","163.1","7.16","2.20","1.43",".288","80.2 %","45.1 %","15.4 %","3.75","4.53","3.82","1.3","1507"
"Barry Zito","Giants","10","17","0","32","32","180.0","6.00","5.10","0.80",".295","65.7 %","36.4 %","6.8 %","5.15","4.72","5.29","1.3","944"
"Edwin Jackson","Rays","14","11","0","32","31","183.1","5.30","3.78","1.13",".302","76.1 %","39.1 %","9.6 %","4.42","4.88","4.97","1.3","1841"
"Dave Bush","Brewers","9","10","0","31","29","185.0","5.30","2.34","1.41",".236","71.5 %","41.1 %","12.0 %","4.18","4.93","4.61","1.3","4635"
"J.P. Howell","Rays","6","1","3","64","0","89.1","9.27","3.93","0.60",".245","78.7 %","53.7 %","9.0 %","2.22","3.39","3.50","1.3","8245"
"Luke Hochevar","Royals","6","12","0","22","22","129.0","5.02","3.28","0.84",".305","62.3 %","51.8 %","8.7 %","5.51","4.43","4.64","1.3","6943"
"Ryan Madson","Phillies","4","2","1","76","0","82.2","7.29","2.50","0.65",".300","78.2 %","51.0 %","8.2 %","3.05","3.33","3.55","1.3","1852"
"Jon Garland","Angels","14","8","0","32","32","196.2","4.12","2.70","1.05",".313","69.2 %","49.9 %","11.9 %","4.90","4.76","4.54","1.3","232"
"Jarrod Washburn","Mariners","5","14","1","28","26","153.2","5.10","2.93","1.11",".303","70.5 %","36.0 %","9.0 %","4.69","4.72","4.92","1.2","40"
"Taylor Buchholz","Rockies","6","6","1","63","0","66.1","7.60","2.44","0.68",".220","72.4 %","36.5 %","6.5 %","2.17","3.33","3.88","1.2","2168"
"Armando Galarraga","Tigers","13","7","0","30","28","178.2","6.35","3.07","1.41",".236","75.6 %","43.5 %","13.0 %","3.73","4.88","4.43","1.2","4222"
"Damaso Marte","- - -","5","3","5","72","0","65.0","9.83","3.60","0.69",".280","69.9 %","32.9 %","6.7 %","4.02","3.24","3.76","1.2","247"
"Saul Rivera","Nationals","5","6","0","76","0","84.0","6.96","3.75","0.32",".327","70.0 %","54.0 %","4.5 %","3.96","3.37","3.94","1.2","2027"
"Billy Wagner","Mets","0","1","27","45","0","47.0","9.96","1.91","0.77",".237","68.7 %","38.0 %","7.8 %","2.30","2.66","2.99","1.2","578"
"Bobby Jenks","White Sox","3","1","30","57","0","61.2","5.55","2.48","0.44",".261","78.7 %","57.6 %","5.8 %","2.63","3.41","3.89","1.2","8645"
"Rafael Perez","Indians","4","4","2","73","0","76.1","10.14","2.71","0.94",".304","74.3 %","57.1 %","16.7 %","3.54","3.22","2.69","1.2","4078"
"Carlos Silva","Mariners","4","15","0","28","28","153.1","4.05","1.88","1.17",".342","61.1 %","44.0 %","10.4 %","6.46","4.63","4.59","1.2","973"
"Tim Redding","Nationals","10","11","0","33","33","182.0","5.93","3.21","1.34",".294","68.5 %","39.8 %","11.3 %","4.95","4.93","4.72","1.2","573"
"Heath Bell","Padres","6","6","0","74","0","78.0","8.19","3.23","0.58",".281","73.3 %","45.5 %","6.7 %","3.58","3.34","3.77","1.2","2080"
"Arthur Rhodes","- - -","4","1","2","61","0","35.1","10.19","4.08","0.00",".311","79.6 %","26.7 %","0.0 %","2.04","2.23","3.68","1.2","1097"
"Chad Durbin","Phillies","5","4","1","71","0","87.2","6.47","3.59","0.51",".295","77.0 %","45.6 %","5.9 %","2.87","3.77","4.31","1.2","1442"
"Sean Gallagher","- - -","5","7","0","23","21","115.1","8.04","4.53","1.01",".307","66.5 %","35.5 %","8.7 %","5.15","4.48","4.73","1.1","8261"
"Tim Wakefield","Red Sox","10","11","0","30","30","181.0","5.82","2.98","1.24",".239","71.9 %","35.5 %","9.1 %","4.13","4.84","5.04","1.1","219"
"Huston Street","Athletics","7","5","18","63","0","70.0","8.87","3.47","0.77",".283","73.5 %","36.2 %","7.8 %","3.73","3.47","3.81","1.1","8258"
"Jose Arredondo","Angels","10","2","0","52","0","61.0","8.11","3.25","0.44",".239","82.2 %","51.2 %","5.8 %","1.62","3.10","3.58","1.1","4722"
"Vicente Padilla","Rangers","14","8","0","29","29","171.0","6.68","3.42","1.37",".303","72.2 %","42.7 %","12.5 %","4.74","5.03","4.65","1.1","964"
"Matt Capps","Pirates","2","3","21","49","0","53.2","6.54","0.84","0.84",".263","72.3 %","31.1 %","6.8 %","3.02","3.28","3.89","1.1","4788"
"Scott Downs","Blue Jays","0","3","5","66","0","70.2","7.26","3.44","0.38",".256","86.6 %","65.6 %","7.0 %","1.78","3.39","3.64","1.1","773"
"Jose Valverde","Astros","6","3","44","74","0","72.0","10.38","2.88","1.25",".281","80.8 %","39.2 %","12.5 %","3.38","3.67","3.33","1.1","1726"
"John Smoltz","Braves","3","2","0","6","5","28.0","11.57","2.57","0.64",".324","82.8 %","48.6 %","7.4 %","2.57","2.35","2.69","1.1","115"
"Max Scherzer","Diamondbacks","0","4","0","16","7","56.0","10.61","3.38","0.80",".307","74.6 %","41.3 %","11.6 %","3.05","3.33","3.18","1.1","3137"
"Micah Owings","Diamondbacks","6","9","0","22","18","104.2","7.48","3.53","1.20",".288","61.1 %","33.6 %","10.2 %","5.93","4.73","4.71","1.1","4253"
"Darrell Rasner","Yankees","5","10","0","24","20","113.1","5.32","3.10","1.11",".312","65.9 %","40.1 %","9.4 %","5.40","4.72","4.85","1.1","4770"
"Tony Pena","Diamondbacks","3","2","3","72","0","72.2","6.44","2.11","0.62",".318","66.7 %","47.9 %","6.6 %","4.33","3.42","3.91","1.1","4573"
"Manny Delcarmen","Red Sox","1","2","2","73","0","74.1","8.72","3.39","0.61",".251","73.4 %","51.8 %","7.1 %","3.27","3.32","3.69","1.1","3180"
"Jim Johnson","Orioles","2","4","1","54","0","68.2","4.98","3.67","0.00",".255","78.8 %","58.7 %","0.0 %","2.23","3.38","4.45","1.0","3656"
"Mike Adams","Padres","2","3","0","54","0","65.1","10.19","2.62","0.96",".264","85.9 %","42.3 %","10.8 %","2.48","3.13","3.05","1.0","1937"
"Scott Olsen","Marlins","8","11","0","33","33","201.2","5.04","3.08","1.34",".258","71.6 %","37.4 %","10.9 %","4.20","5.02","4.89","1.0","4529"
"Will Ohman","Braves","4","1","1","83","0","58.2","8.13","3.38","0.46",".284","67.3 %","36.3 %","5.1 %","3.68","3.17","3.83","1.0","296"
"Hideki Okajima","Red Sox","3","2","1","64","0","62.0","8.71","3.34","0.87",".256","85.1 %","32.4 %","7.4 %","2.61","3.62","4.08","1.0","7763"
"Francisco Cordero","Reds","5","4","34","72","0","70.1","9.98","4.86","0.77",".302","79.1 %","40.8 %","8.8 %","3.33","3.77","3.94","1.0","1243"
"Brian Bannister","Royals","9","16","0","32","32","182.2","5.57","2.86","1.43",".308","63.9 %","37.5 %","11.5 %","5.76","5.03","4.78","1.0","5718"
"Jon Rauch","- - -","4","8","18","74","0","71.2","8.29","2.01","1.38",".287","70.4 %","31.4 %","11.7 %","4.14","3.96","3.69","1.0","1475"
"Jason Grilli","- - -","3","3","1","60","0","75.0","8.28","4.56","0.24",".307","76.8 %","42.4 %","2.8 %","3.00","3.24","4.16","1.0","521"
"Garrett Olson","Orioles","9","10","0","26","26","132.2","5.63","4.21","1.15",".335","64.4 %","41.9 %","9.6 %","6.65","5.13","5.23","0.9","9889"
"Nate Robertson","Tigers","7","11","0","32","28","168.2","5.76","3.31","1.39",".341","64.3 %","44.5 %","12.6 %","6.35","4.99","4.61","0.9","1620"
"Boof Bonser","Twins","3","7","0","47","12","118.1","7.38","2.74","1.22",".322","57.9 %","40.7 %","10.5 %","5.93","4.19","4.13","0.9","2159"
"Glendon Rusch","- - -","5","5","0","35","9","83.2","5.92","2.69","1.08",".303","65.7 %","41.2 %","9.9 %","5.16","4.27","4.30","0.9","707"
"Livan Hernandez","- - -","13","11","0","31","31","180.0","3.35","2.15","1.25",".344","64.8 %","44.5 %","10.7 %","6.05","4.94","4.84","0.9","1116"
"Darren Oliver","Angels","7","1","0","54","0","72.0","6.00","2.00","0.62",".284","78.8 %","47.2 %","6.2 %","2.87","3.53","4.11","0.9","206"
"Erik Bedard","Mariners","6","4","0","15","15","81.0","8.00","4.11","1.00",".271","74.2 %","40.3 %","9.0 %","3.67","4.32","4.50","0.9","126"
"Shawn Hill","Nationals","1","5","0","12","12","63.1","5.54","3.27","0.71",".364","61.9 %","46.3 %","7.7 %","5.83","4.06","4.39","0.9","1882"
"Craig Breslow","- - -","0","2","1","49","0","47.0","7.47","3.64","0.19",".254","79.5 %","41.6 %","1.9 %","1.91","2.96","4.14","0.9","4363"
"Joe Nelson","Marlins","3","1","1","59","0","54.0","10.00","3.67","0.83",".262","84.8 %","39.7 %","9.4 %","2.00","3.45","3.54","0.9","108"
"Bobby Seay","Tigers","1","2","0","60","0","56.1","9.27","3.99","0.64",".350","72.1 %","38.5 %","6.3 %","4.47","3.43","3.98","0.9","1225"
"Sidney Ponson","- - -","8","5","0","25","24","135.2","3.85","3.18","0.93",".322","66.2 %","54.5 %","10.9 %","5.04","4.83","4.75","0.9","161"
"Ryan Rowland-Smith","Mariners","5","3","2","47","12","118.1","5.86","3.65","0.99",".276","78.9 %","38.6 %","8.3 %","3.42","4.53","4.85","0.9","3245"
"Matt Lindstrom","Marlins","3","3","5","66","0","57.1","6.75","4.08","0.16",".322","76.3 %","46.4 %","2.0 %","3.14","3.27","4.19","0.8","4604"
"B.J. Ryan","Blue Jays","2","4","32","60","0","58.0","9.00","4.34","0.62",".271","78.7 %","38.7 %","6.2 %","2.95","3.68","4.26","0.8","168"
"LaTroy Hawkins","- - -","3","1","1","57","0","62.0","6.97","3.19","0.44",".279","65.0 %","45.6 %","4.5 %","3.92","3.28","4.05","0.8","729"
"Joel Pineiro","Cardinals","7","7","1","26","25","148.2","4.90","2.12","1.33",".313","68.7 %","48.5 %","14.4 %","5.15","4.71","4.15","0.8","1094"
"Jason Bergmann","Nationals","2","11","0","30","22","139.2","6.19","3.03","1.61",".288","64.5 %","30.1 %","11.8 %","5.09","5.12","4.78","0.8","4640"
"Scott Richmond","Blue Jays","1","3","0","5","5","27.0","6.67","0.67","0.67",".345","72.3 %","36.0 %","5.7 %","4.00","3.06","3.80","0.8","4307"
"Mark Hendrickson","Marlins","7","8","0","36","19","133.2","5.45","3.23","1.14",".298","64.3 %","44.3 %","10.9 %","5.45","4.76","4.65","0.8","1574"
"Seth McClung","Brewers","6","6","0","37","12","105.1","7.43","4.70","0.85",".279","76.6 %","44.3 %","9.0 %","4.02","4.48","4.64","0.8","1657"
"Joel Hanrahan","Nationals","6","3","9","69","0","84.1","9.92","4.48","0.96",".292","73.5 %","42.6 %","11.3 %","3.95","3.84","3.71","0.7","2186"
"Manny Corpas","Rockies","3","4","4","76","0","79.2","5.65","2.60","0.79",".326","71.2 %","49.6 %","9.6 %","4.52","3.96","4.03","0.7","2807"
"Sean Marshall","Cubs","3","5","1","34","7","65.1","7.99","3.17","1.24",".276","79.3 %","41.2 %","11.4 %","3.86","4.39","4.19","0.7","5905"
"Zach Miner","Tigers","8","5","0","45","13","118.0","4.73","3.51","0.76",".281","70.5 %","45.5 %","7.4 %","4.27","4.50","4.91","0.7","3193"
"Brandon Lyon","Diamondbacks","3","5","26","61","0","59.1","6.67","1.97","1.06",".338","69.1 %","39.8 %","8.9 %","4.70","3.84","4.06","0.7","1312"
"Kevin Gregg","Marlins","7","8","29","72","0","68.2","7.60","4.85","0.39",".247","70.6 %","44.8 %","4.4 %","3.41","3.80","4.54","0.7","1793"
"Russ Springer","Cardinals","2","1","0","70","0","50.1","8.05","3.22","0.72",".255","84.0 %","30.4 %","5.9 %","2.32","3.51","4.26","0.7","1652"
"Chad Gaudin","- - -","9","5","0","50","6","90.0","7.10","2.70","1.10",".300","67.5 %","39.1 %","10.0 %","4.40","4.14","4.17","0.7","1783"
"Sean Green","Mariners","4","5","1","72","0","79.0","7.06","4.10","0.34",".307","63.7 %","63.3 %","6.1 %","4.67","3.65","3.97","0.7","3001"
"Doug Brocail","Astros","7","5","2","72","0","68.2","8.39","2.75","1.05",".289","75.2 %","41.0 %","9.9 %","3.93","3.83","3.87","0.7","551"
"Kenny Rogers","Tigers","9","13","0","30","30","173.2","4.25","3.68","1.14",".318","66.6 %","41.5 %","9.6 %","5.70","5.22","5.30","0.7","1277"
"Carlos Villanueva","Brewers","4","7","1","47","9","108.1","7.73","2.49","1.50",".294","76.8 %","46.6 %","15.9 %","4.07","4.49","3.70","0.7","4138"
"Juan Oviedo","Royals","4","1","0","45","0","48.1","4.84","2.79","0.37",".272","73.5 %","39.1 %","3.0 %","2.98","3.77","5.06","0.7","2886"
"Brian Tallet","Blue Jays","1","2","0","51","0","56.1","7.51","3.51","0.64",".289","80.7 %","41.9 %","6.7 %","2.88","3.61","4.09","0.7","1646"
"Clayton Richard","White Sox","2","5","0","13","8","47.2","5.48","2.45","0.94",".333","55.2 %","49.7 %","10.9 %","6.04","4.10","4.01","0.7","3551"
"Jason Motte","Cardinals","0","0","1","12","0","11.0","13.09","2.45","0.00",".238","75.0 %","45.0 %","0.0 %","0.82","1.04","2.12","0.6","5861"
"Bill Bray","Reds","2","2","0","63","0","47.0","10.34","4.60","0.77",".348","80.7 %","35.1 %","8.2 %","2.87","3.54","3.80","0.6","8538"
"Octavio Dotel","White Sox","4","4","1","72","0","67.0","12.36","3.90","1.61",".267","75.1 %","38.2 %","16.7 %","3.76","4.24","3.32","0.6","555"
"Brian Burres","Orioles","7","10","0","31","22","129.2","4.37","3.47","1.18",".322","66.4 %","36.2 %","9.0 %","6.04","5.16","5.37","0.6","3425"
"Joe Beimel","Dodgers","5","1","0","71","0","49.0","5.88","3.86","0.00",".316","85.1 %","47.4 %","0.0 %","2.02","3.30","4.72","0.6","979"
"Jeff Bennett","Braves","3","7","3","72","4","97.1","6.29","4.35","0.46",".277","72.2 %","63.9 %","8.2 %","3.70","4.07","4.23","0.6","1903"
"Eddie Guardado","- - -","4","4","4","64","0","56.1","5.27","3.04","0.64",".269","67.8 %","25.0 %","4.4 %","4.15","3.90","5.10","0.6","727"
"Jeremy Affeldt","Reds","1","1","0","74","0","78.1","9.19","2.87","1.03",".317","75.0 %","54.4 %","15.0 %","3.33","3.66","3.17","0.6","583"
"Brian Bruney","Yankees","3","0","1","32","1","34.1","8.65","4.19","0.52",".188","87.0 %","42.5 %","5.3 %","1.83","3.45","4.15","0.6","1929"
"Paul Byrd","- - -","11","12","0","30","30","180.0","4.10","1.70","1.55",".285","73.9 %","35.8 %","12.0 %","4.60","5.14","4.80","0.6","594"
"Scott Eyre","- - -","5","0","0","38","0","25.2","11.22","2.45","0.70",".333","68.5 %","35.4 %","7.4 %","4.21","2.70","3.08","0.6","1300"
"Josh Outman","Athletics","1","2","0","6","4","25.2","6.66","2.81","0.35",".384","70.4 %","39.5 %","2.9 %","4.56","3.33","4.57","0.6","4004"
"Brian Wilson","Giants","3","2","41","63","0","62.1","9.67","4.04","1.01",".325","73.3 %","51.7 %","13.7 %","4.62","3.93","3.55","0.6","6485"
"Buddy Carlyle","Braves","2","0","0","45","0","62.2","8.47","3.73","0.72",".280","73.6 %","43.8 %","7.9 %","3.59","3.58","3.87","0.6","2010"
"Scot Shields","Angels","6","4","4","64","0","63.1","9.09","4.12","0.85",".296","73.8 %","53.8 %","11.3 %","2.70","3.81","3.68","0.6","35"
"Shawn Camp","Blue Jays","3","1","0","40","0","39.1","7.09","2.52","0.46",".317","69.7 %","53.7 %","6.1 %","4.12","3.21","3.65","0.6","1855"
"Trever Miller","Rays","2","0","2","68","0","43.1","9.14","4.15","0.42",".316","69.8 %","31.6 %","3.9 %","4.15","3.36","4.31","0.6","1672"
"Geoff Geary","Astros","2","3","0","55","0","64.0","6.33","3.94","0.42",".228","80.5 %","43.7 %","4.0 %","2.53","3.74","4.68","0.6","1813"
"Jesse Carlson","Blue Jays","7","2","2","69","0","60.0","8.25","3.15","0.90",".230","86.6 %","34.2 %","8.6 %","2.25","3.80","4.04","0.6","4391"
"Jerry Blevins","Athletics","1","3","0","36","0","37.2","8.36","3.11","0.48",".291","75.2 %","43.3 %","5.0 %","3.11","3.24","3.95","0.6","7841"
"Cesar Jimenez","Mariners","0","2","0","31","2","34.1","6.82","3.41","0.52",".303","76.4 %","38.8 %","4.8 %","3.41","3.60","4.45","0.6","3762"
"Dallas Braden","Athletics","5","4","0","19","10","71.2","5.15","3.14","1.00",".307","73.3 %","38.4 %","8.0 %","4.14","4.57","4.96","0.6","8099"
"Aquilino Lopez","Tigers","4","1","0","48","0","78.2","6.98","2.52","1.03",".308","79.1 %","29.0 %","7.1 %","3.55","3.98","4.62","0.5","1671"
"John Bale","Royals","0","3","0","13","3","26.2","4.73","2.03","0.34",".315","65.5 %","50.6 %","4.2 %","4.39","3.24","3.94","0.5","864"
"Juan Cruz","Diamondbacks","4","0","0","57","0","51.2","12.37","5.40","0.87",".276","83.6 %","26.9 %","8.1 %","2.61","3.62","3.94","0.5","273"
"David Purcey","Blue Jays","3","6","0","12","12","65.0","8.03","4.02","1.25",".307","67.5 %","31.8 %","10.3 %","5.54","4.67","4.63","0.5","8360"
"Kyle McClellan","Cardinals","2","7","1","68","0","75.2","7.02","3.09","0.83",".312","72.6 %","48.5 %","9.7 %","4.04","3.96","4.02","0.5","4845"
"Brett Tomko","- - -","2","7","0","22","10","70.0","6.30","2.31","1.41",".314","58.4 %","43.9 %","12.6 %","6.30","4.55","4.14","0.5","1056"
"Jared Burton","Reds","5","1","0","54","0","58.2","8.90","3.84","0.92",".301","79.1 %","50.6 %","10.0 %","3.22","3.86","3.88","0.5","8346"
"Roberto Hernandez","Indians","8","7","0","22","22","120.2","4.33","5.22","0.52",".294","64.0 %","63.5 %","8.0 %","5.44","4.89","5.10","0.5","3273"
"Phil Dumatrait","Pirates","3","4","0","21","11","78.2","5.95","4.81","0.80",".302","67.1 %","42.3 %","8.4 %","5.26","4.64","4.88","0.5","8598"
"Brad Ziegler","Athletics","3","0","11","47","0","59.2","4.53","3.32","0.30",".259","92.3 %","64.7 %","6.3 %","1.06","3.72","3.99","0.5","7293"
"Jesse Crain","Twins","5","4","0","66","0","62.2","7.18","3.45","0.86",".299","73.8 %","40.6 %","7.4 %","3.59","3.98","4.44","0.5","4817"
"Bartolo Colon","Red Sox","4","2","0","7","7","39.0","6.23","2.31","1.15",".302","67.4 %","40.0 %","9.8 %","3.92","4.34","4.39","0.5","375"
"D.J. Carrasco","White Sox","1","0","0","31","0","38.2","6.98","3.26","0.47",".262","69.3 %","51.4 %","6.7 %","3.96","3.73","4.08","0.5","1666"
"Dan Giese","Yankees","1","3","0","20","3","43.1","6.02","2.91","0.62",".259","64.3 %","31.0 %","4.2 %","3.53","3.73","5.02","0.5","2656"
"Collin Balester","Nationals","3","7","0","15","15","80.0","5.62","3.15","1.35",".305","66.9 %","39.6 %","11.5 %","5.51","5.11","4.87","0.5","6883"
"Sergio Romo","Giants","3","1","0","29","0","34.0","8.74","2.12","0.79",".157","61.4 %","32.5 %","6.8 %","2.12","3.31","3.87","0.5","9817"
"Aaron Laffey","Indians","5","7","0","16","16","93.2","4.13","2.98","0.96",".294","70.5 %","51.1 %","10.3 %","4.23","4.88","4.86","0.5","6248"
"Lance Cormier","Orioles","3","3","1","45","1","71.2","5.78","4.27","0.50",".316","71.7 %","56.8 %","7.7 %","4.02","4.04","4.27","0.5","4346"
"Jeff Samardzija","Cubs","1","0","1","26","0","27.2","8.13","4.88","0.00",".289","70.0 %","45.7 %","0.0 %","2.28","3.06","4.30","0.5","3254"
"Scott Linebrink","White Sox","2","2","1","50","0","46.1","7.77","1.75","1.55",".256","77.3 %","39.3 %","13.8 %","3.69","4.23","3.64","0.5","564"
"Anthony Reyes","- - -","4","2","1","16","6","49.0","4.59","2.76","0.73",".272","83.6 %","42.5 %","6.9 %","2.76","4.15","4.65","0.5","7105"
"Phil Coke","Yankees","1","0","0","12","0","14.2","8.59","1.23","0.00",".222","90.0 %","50.0 %","0.0 %","0.61","1.63","2.71","0.5","5535"
"J.J. Putz","Mariners","6","5","15","47","0","46.1","10.88","5.44","0.78",".347","79.6 %","39.5 %","8.0 %","3.88","3.78","4.08","0.5","1795"
"Adam Eaton","Phillies","4","8","0","21","19","107.0","4.79","3.70","1.26",".326","68.8 %","41.8 %","12.0 %","5.80","5.29","5.01","0.5","1029"
"Zach Jackson","- - -","2","3","0","11","9","58.1","4.78","2.47","1.08",".312","63.9 %","52.3 %","10.6 %","5.55","4.61","4.54","0.5","8356"
"J.A. Happ","Phillies","1","0","0","8","4","31.2","7.39","3.98","0.85",".266","77.3 %","30.9 %","7.5 %","3.69","4.14","4.58","0.5","7410"
"Brad Thompson","Cardinals","6","3","0","26","6","64.2","4.45","2.64","0.70",".313","64.4 %","50.7 %","8.1 %","5.15","4.17","4.43","0.5","4911"
"Matt Herges","Rockies","3","4","0","58","0","64.1","6.44","3.36","0.70",".346","67.3 %","39.8 %","6.8 %","5.04","4.06","4.55","0.4","780"
"Jamey Wright","Rangers","8","7","0","75","0","84.1","6.40","3.74","0.53",".325","61.2 %","61.5 %","10.0 %","5.12","4.01","4.02","0.4","715"
"Brandon Morrow","Mariners","3","4","10","45","5","64.2","10.44","4.73","1.39",".205","80.0 %","33.1 %","12.8 %","3.34","4.40","3.98","0.4","9346"
"Dustin Moseley","Angels","2","4","0","12","10","50.1","6.62","3.58","1.07",".372","64.6 %","47.7 %","10.9 %","6.79","4.52","4.41","0.4","7060"
"Cory Wade","Dodgers","2","1","0","55","0","71.1","6.43","1.89","0.88",".222","79.7 %","40.8 %","9.2 %","2.27","3.78","3.91","0.4","7570"
"Yovani Gallardo","Brewers","0","0","0","4","4","24.0","7.50","3.00","1.13",".288","96.9 %","40.0 %","9.7 %","1.88","4.09","4.17","0.4","8173"
"Phil Hughes","Yankees","0","4","0","8","8","34.0","6.09","3.97","0.79",".348","60.2 %","34.5 %","6.7 %","6.62","4.34","4.94","0.4","7450"
"Justin Hampson","Padres","2","1","0","35","0","30.2","5.58","2.93","0.29",".313","75.8 %","39.1 %","2.4 %","2.93","3.30","4.63","0.4","2209"
"Garrett Mock","Nationals","1","3","0","26","3","41.0","10.10","5.05","0.88",".308","73.5 %","44.5 %","10.0 %","4.17","3.84","3.86","0.4","7335"
"Kevin Correia","Giants","3","8","0","25","19","110.0","5.40","3.85","1.23",".330","65.5 %","38.2 %","10.4 %","6.05","5.10","5.05","0.4","1767"
"Ramon Troncoso","Dodgers","1","1","0","32","0","38.0","9.00","2.84","0.47",".333","67.1 %","60.8 %","11.1 %","4.26","3.00","2.94","0.4","4685"
"Jeremy Sowers","Indians","4","9","0","22","22","121.0","4.76","2.90","1.34",".301","62.7 %","42.2 %","12.7 %","5.58","5.05","4.66","0.4","9083"
"Josh Geer","Padres","2","1","0","5","5","27.0","5.33","3.00","0.67",".300","85.2 %","34.8 %","5.9 %","2.67","3.91","4.61","0.4","4781"
"Horacio Ramirez","- - -","1","4","0","32","0","37.1","3.13","2.17","0.24",".308","65.9 %","53.2 %","2.9 %","4.34","3.67","4.56","0.4","110"
"Glen Perkins","Twins","12","4","0","26","26","151.0","4.41","2.32","1.49",".304","75.8 %","38.0 %","11.7 %","4.41","5.14","4.85","0.4","8041"
"Nelson Figueroa","Mets","3","3","0","16","6","45.1","7.15","5.16","0.60",".313","69.6 %","40.7 %","5.4 %","4.57","4.26","5.03","0.4","683"
"Clay Buchholz","Red Sox","2","9","0","16","15","76.0","8.53","4.86","1.30",".355","60.5 %","47.7 %","14.7 %","6.75","4.82","4.24","0.4","3543"
"George Sherrill","Orioles","3","5","31","57","0","53.1","9.79","5.57","1.01",".291","73.0 %","34.2 %","7.8 %","4.73","4.33","4.77","0.4","6291"
"Brian Shouse","Brewers","5","1","2","69","0","51.1","5.79","2.45","0.88",".256","77.4 %","61.9 %","16.1 %","2.81","3.93","3.46","0.4","630"
"Dennys Reyes","Twins","3","0","0","75","0","46.1","7.58","2.91","0.78",".281","87.6 %","59.7 %","13.3 %","2.33","3.67","3.40","0.4","444"
"Ron Mahay","Royals","5","0","0","57","0","64.2","6.82","4.04","0.84",".285","77.5 %","40.3 %","7.5 %","3.48","4.21","4.64","0.4","290"
"Matt Harrison","Rangers","9","3","0","15","15","83.2","4.52","3.33","1.29",".309","65.4 %","40.1 %","11.3 %","5.49","5.18","4.98","0.4","5551"
"Roy Corcoran","Mariners","6","2","3","50","0","72.2","4.83","4.46","0.12",".269","70.9 %","69.5 %","2.1 %","3.22","3.81","4.50","0.4","1780"
"Robinson Tejeda","- - -","2","2","0","29","1","45.1","8.93","4.76","0.79",".205","62.5 %","32.8 %","7.3 %","3.97","3.95","4.40","0.4","2575"
"Mike Hampton","Braves","3","4","0","13","13","78.0","4.38","3.23","1.15",".287","68.4 %","52.7 %","15.2 %","4.85","4.94","4.39","0.4","430"
"Ramon Ramirez","Reds","1","1","0","5","4","27.0","7.00","3.67","1.00",".203","84.7 %","42.9 %","11.1 %","2.67","4.35","4.23","0.4","2899"
"Chris Carpenter","Cardinals","0","1","0","4","3","15.1","4.11","2.35","0.00",".308","75.0 %","51.0 %","0.0 %","1.76","3.00","4.03","0.4","1292"
"Ryan Speier","Rockies","2","1","0","43","0","51.0","5.82","3.18","0.53",".308","73.1 %","52.5 %","6.4 %","4.06","3.90","4.35","0.4","3808"
"Brandon Duckworth","Royals","3","3","0","7","7","38.0","4.74","4.50","0.47",".293","69.9 %","44.8 %","5.0 %","4.50","4.50","5.20","0.4","954"
"Edwar Ramirez","Yankees","5","1","1","55","0","55.1","10.25","3.90","1.14",".272","75.2 %","33.1 %","10.9 %","3.90","3.96","3.84","0.4","4830"
"Chad Bradford","- - -","4","3","0","68","0","59.1","2.58","2.28","0.46",".275","78.0 %","66.5 %","9.4 %","2.12","4.08","4.13","0.4","904"
"Trevor Hoffman","Padres","3","6","30","48","0","45.1","9.13","1.79","1.59",".256","78.2 %","39.0 %","13.8 %","3.77","3.99","3.38","0.4","1035"
"Chan Ho Park","Dodgers","4","4","2","54","5","95.1","7.46","3.40","1.13",".302","78.2 %","50.9 %","14.0 %","3.40","4.37","3.92","0.3","1267"
"Justin Miller","Marlins","4","2","0","46","0","46.2","8.29","3.86","0.77",".318","67.8 %","31.9 %","6.7 %","4.24","3.88","4.46","0.3","1313"
"Joe Smith","Mets","6","3","0","82","0","63.1","7.39","4.41","0.57",".261","72.1 %","62.6 %","12.5 %","3.55","3.97","3.81","0.3","3281"
"Anibal Sanchez","Marlins","2","5","0","10","10","51.2","8.71","4.70","1.22",".311","67.4 %","40.3 %","14.0 %","5.57","4.87","4.39","0.3","3284"
"Scott Feldman","Rangers","6","8","0","28","25","151.1","4.40","3.33","1.31",".284","63.2 %","43.5 %","11.8 %","5.29","5.35","5.08","0.3","6283"
"Salomon Torres","Brewers","7","5","28","71","0","80.0","5.74","3.71","0.68",".276","74.3 %","56.3 %","10.2 %","3.49","4.22","4.22","0.3","1628"
"Eric Stults","Dodgers","2","3","0","7","7","38.2","6.98","3.03","1.40",".274","78.0 %","37.5 %","12.2 %","3.49","4.68","4.34","0.3","8011"
"Jeff Karstens","Pirates","2","6","0","9","9","51.1","4.03","2.28","1.23",".277","62.5 %","41.6 %","10.1 %","4.03","4.77","4.77","0.3","5879"
"Keiichi Yabu","Giants","3","6","0","60","0","68.0","6.35","4.24","0.40",".284","70.9 %","46.9 %","4.8 %","3.57","4.06","4.71","0.3","8624"
"Kameron Loe","Rangers","1","0","0","14","0","30.2","5.87","2.35","0.88",".320","65.3 %","50.5 %","8.6 %","3.23","3.88","4.11","0.3","4422"
"Doug Waechter","Marlins","4","2","0","48","0","63.1","6.54","2.98","0.99",".281","74.8 %","32.3 %","7.9 %","3.69","4.21","4.62","0.3","1814"
"Cla Meredith","Padres","0","3","0","73","0","70.1","6.27","3.07","0.77",".329","73.2 %","66.8 %","15.8 %","4.09","3.91","3.52","0.3","7613"
"Mike Hinckley","Nationals","0","0","0","14","0","13.2","5.93","1.98","0.00",".222","91.7 %","47.2 %","0.0 %","0.00","2.69","3.46","0.3","3769"
"Franklyn German","Rangers","1","3","0","17","0","21.2","6.23","5.40","0.00",".277","83.9 %","37.1 %","0.0 %","2.08","3.55","5.25","0.3","1603"
"Fernando Rodney","Tigers","0","6","13","38","0","40.1","10.93","6.69","0.67",".301","71.7 %","40.2 %","8.8 %","4.91","4.12","4.27","0.3","494"
"Matt Ginter","Indians","1","3","0","4","4","21.0","5.14","1.29","1.29",".319","67.2 %","43.7 %","11.5 %","5.14","4.27","4.05","0.3","233"
"Darren O'Day","Angels","0","1","0","30","0","43.1","6.02","2.91","0.42",".324","67.0 %","54.9 %","4.9 %","4.57","3.64","4.29","0.3","3321"
"Jeremy Bonderman","Tigers","3","4","0","12","12","71.1","5.55","4.54","1.14",".291","74.0 %","47.4 %","10.5 %","4.29","5.18","5.13","0.3","1667"
"David Weathers","Reds","4","6","0","72","0","69.1","5.97","3.89","0.78",".310","81.5 %","43.9 %","8.2 %","3.25","4.36","4.62","0.3","902"
"Steven Shell","Nationals","2","2","2","39","0","50.0","7.38","3.60","0.90",".221","85.7 %","38.3 %","8.3 %","2.16","4.11","4.39","0.3","3681"
"Matt Belisle","Reds","1","4","0","6","6","29.2","4.25","1.82","1.21",".364","54.9 %","50.8 %","14.3 %","7.28","4.55","4.04","0.3","1837"
"Santiago Casilla","Athletics","2","1","2","51","0","50.1","7.69","3.58","0.89",".348","80.3 %","43.4 %","8.6 %","3.93","4.09","4.31","0.3","2873"
"David Robertson","Yankees","4","0","0","25","0","30.1","10.68","4.45","0.89",".338","65.3 %","42.5 %","9.1 %","5.34","3.53","3.68","0.3","8241"
"A.J. Murray","Rangers","1","0","0","2","2","7.2","5.87","3.52","0.00",".400","73.3 %","36.7 %","0.0 %","3.52","3.00","4.89","0.3","3422"
"Vladimir Nunez","Braves","1","2","0","23","0","32.2","6.61","5.23","0.00",".314","73.1 %","39.2 %","0.0 %","3.86","3.50","4.71","0.3","532"
"Rick VandenHurk","Marlins","1","1","0","4","4","14.0","12.86","6.43","0.64",".463","65.4 %","32.5 %","7.1 %","7.71","3.77","4.16","0.3","5099"
"Pedro Martinez","Mets","5","6","0","20","20","109.0","7.18","3.63","1.57",".320","71.1 %","41.0 %","15.6 %","5.61","5.18","4.39","0.3","200"
"Adam Russell","White Sox","4","0","0","22","0","26.0","7.62","3.46","0.35",".349","66.5 %","45.1 %","2.9 %","5.19","3.32","4.55","0.3","7334"
"Jake Westbrook","Indians","1","2","0","5","5","34.2","4.93","1.82","1.30",".262","82.4 %","55.1 %","16.7 %","3.12","4.60","3.87","0.3","412"
"Clay Condrey","Phillies","3","4","1","56","0","69.0","4.43","2.48","0.78",".326","82.0 %","54.3 %","9.1 %","3.26","4.19","4.32","0.3","1579"
"Luis Mendoza","Rangers","3","8","1","25","11","63.1","4.97","3.55","0.99",".370","45.7 %","50.4 %","9.9 %","8.67","4.93","4.97","0.2","3126"
"Jose Mijares","Twins","0","1","0","10","0","10.1","4.35","0.00","0.00",".103","66.7 %","39.3 %","0.0 %","0.87","2.16","3.82","0.2","4140"
"Brian Wolfe","Blue Jays","0","2","0","20","0","22.0","5.73","2.45","0.82",".250","84.9 %","48.4 %","8.7 %","2.45","3.86","4.06","0.2","8515"
"Eddie Bonine","Tigers","2","1","0","5","5","26.2","3.04","1.69","1.01",".337","61.9 %","46.4 %","9.1 %","5.40","4.71","4.88","0.2","5890"
"Duaner Sanchez","Mets","5","1","0","66","0","58.1","6.79","3.55","0.93",".270","72.6 %","43.6 %","10.7 %","4.32","4.30","4.23","0.2","1518"
"John Parrish","Blue Jays","1","1","0","13","6","42.1","4.46","3.19","1.06",".304","78.2 %","37.1 %","8.5 %","4.04","4.74","5.04","0.2","160"
"Michael Gonzalez","Braves","0","3","14","36","0","33.2","11.76","3.74","1.60",".260","61.4 %","30.9 %","16.7 %","4.28","4.17","3.26","0.2","1794"
"Scott Elarton","Indians","0","1","0","8","0","15.1","8.80","5.28","0.00",".348","72.0 %","46.7 %","0.0 %","3.52","2.94","4.14","0.2","426"
"Bob Howry","Cubs","7","5","1","72","0","70.2","7.51","1.66","1.66",".344","70.3 %","34.9 %","11.8 %","5.35","4.49","4.15","0.2","237"
"Claudio Vargas","Mets","3","2","0","11","4","37.0","4.86","2.68","0.97",".257","64.4 %","49.1 %","10.3 %","4.62","4.51","4.49","0.2","1695"
"Carlos Rosa","Royals","0","0","0","2","0","3.1","8.10","0.00","0.00",".333","66.7 %","11.1 %","0.0 %","2.70","1.33","3.31","0.2","8529"
"Michael Bowden","Red Sox","1","0","0","1","1","5.0","5.40","1.80","0.00",".389","75.0 %","16.7 %","0.0 %","3.60","2.53","5.43","0.2","4440"
"David Price","Rays","0","0","0","5","1","14.0","7.71","2.57","0.64",".205","79.4 %","50.0 %","6.7 %","1.93","3.42","3.90","0.2","3184"
"Brian Stokes","Mets","1","0","1","24","1","33.1","7.02","2.16","1.35",".303","83.3 %","38.6 %","13.2 %","3.51","4.24","3.79","0.2","8653"
"Chris Waters","Orioles","3","5","0","11","11","64.2","4.59","4.04","1.25",".281","71.6 %","47.7 %","11.4 %","5.01","5.41","5.21","0.2","7015"
"Scott Lewis","Indians","4","0","0","4","4","24.0","5.63","2.25","1.50",".222","83.3 %","36.5 %","10.5 %","2.63","4.80","4.72","0.2","7322"
"Brandon Knight","Mets","1","0","0","4","2","12.0","7.50","5.25","0.00",".368","69.6 %","56.8 %","0.0 %","5.25","3.72","4.70","0.2","831"
"Boone Logan","White Sox","2","3","0","55","0","42.1","8.93","2.98","1.49",".376","65.9 %","43.4 %","15.2 %","5.95","4.36","3.64","0.2","5525"
"Kevin Jepsen","Angels","0","1","0","9","0","8.1","7.56","4.32","0.00",".320","58.3 %","48.0 %","0.0 %","4.32","2.89","4.00","0.2","6475"
"Rafael Betancourt","Indians","3","4","4","69","0","71.0","8.11","3.17","1.39",".311","70.1 %","28.8 %","10.3 %","5.07","4.40","4.37","0.2","177"
"Jo-Jo Reyes","Braves","3","11","0","23","22","113.0","6.21","4.14","1.43",".321","68.4 %","48.5 %","15.5 %","5.81","5.28","4.56","0.2","5559"
"Charlie Morton","Braves","4","8","0","16","15","74.2","5.79","4.94","1.08",".290","60.7 %","50.2 %","11.7 %","6.15","5.14","4.93","0.2","4676"
"Tyler Walker","Giants","5","8","0","65","0","53.1","8.27","3.54","1.18",".270","67.6 %","47.7 %","14.9 %","4.56","4.24","3.69","0.2","901"
"Rudy Seanez","Phillies","5","4","0","42","0","43.1","6.23","5.19","0.42",".275","65.4 %","47.3 %","5.3 %","3.53","4.15","4.70","0.2","1279"
"Tyler Yates","Pirates","6","3","1","72","0","73.1","7.73","5.03","0.74",".301","71.3 %","47.9 %","9.1 %","4.66","4.24","4.36","0.2","1527"
"Matt Albers","Orioles","3","3","0","28","3","49.0","4.78","4.04","0.73",".253","74.9 %","53.2 %","7.5 %","3.49","4.60","4.97","0.2","4300"
"Chad Reineke","Padres","2","1","0","4","3","18.0","6.50","6.00","0.50",".250","65.0 %","26.9 %","3.3 %","5.00","4.41","5.88","0.2","7641"
"Alberto Arias","- - -","1","1","0","15","2","21.2","5.40","4.15","0.42",".319","74.4 %","68.6 %","9.1 %","4.15","4.19","4.26","0.2","3087"
"Jesus Colome","Nationals","2","2","0","61","0","71.0","6.97","4.94","0.76",".264","69.0 %","32.2 %","7.1 %","4.31","4.50","4.96","0.2","1198"
"Kirk Saarloos","Athletics","1","0","0","8","1","26.1","4.10","1.37","0.68",".350","62.8 %","53.5 %","8.0 %","5.47","3.66","3.93","0.2","1516"
"Yusmeiro Petit","Diamondbacks","3","5","0","19","8","56.1","6.71","2.24","1.92",".206","71.8 %","33.1 %","14.5 %","4.31","5.21","4.38","0.2","4020"
"Dustin Nippert","Rangers","3","5","0","20","6","71.2","6.91","4.65","1.26",".345","67.2 %","37.0 %","10.5 %","6.40","5.00","4.94","0.2","4426"
"Blaine Boyer","Braves","2","6","1","76","0","72.0","8.38","3.13","1.25",".301","57.0 %","46.0 %","12.5 %","5.88","4.20","3.86","0.2","2237"
"Kam Mickolio","Orioles","0","1","0","9","0","7.2","9.39","4.70","0.00",".333","58.3 %","31.8 %","0.0 %","5.87","2.61","4.16","0.2","9513"
"Jose Veras","Yankees","5","3","0","60","0","57.2","9.83","4.53","1.09",".298","82.2 %","40.9 %","11.1 %","3.59","4.19","4.05","0.2","2063"
"Daniel Cabrera","Orioles","8","10","0","30","30","180.0","4.75","4.50","1.20",".295","72.4 %","48.0 %","12.2 %","5.25","5.61","5.31","0.2","1931"
"Ty Taubenheim","Pirates","0","0","0","1","1","6.0","6.00","4.50","0.00",".350","80.0 %","15.0 %","0.0 %","3.00","3.30","5.06","0.2","5561"
"Rafael Soriano","Braves","0","1","3","14","0","14.0","10.29","5.79","0.64",".200","76.9 %","22.6 %","5.3 %","2.57","3.92","4.78","0.2","1100"
"Dan Wheeler","Rays","5","6","13","70","0","66.1","7.19","2.98","1.36",".190","78.9 %","28.4 %","10.1 %","3.12","4.49","4.50","0.2","120"
"Mike Lincoln","Reds","2","5","0","64","0","70.1","7.29","3.07","1.28",".276","70.9 %","52.4 %","15.9 %","4.48","4.51","3.84","0.1","1457"
"Brad Penny","Dodgers","6","9","0","19","17","94.2","4.85","3.99","1.24",".312","64.1 %","48.4 %","13.4 %","6.27","5.27","4.83","0.1","535"
"Justin Masterson","Red Sox","6","5","0","36","9","88.1","6.93","4.08","1.02",".243","83.3 %","54.3 %","14.9 %","3.16","4.69","4.22","0.1","2038"
"Devern Hansack","Red Sox","1","0","0","4","0","6.2","6.75","1.35","0.00",".300","28.6 %","40.0 %","0.0 %","4.05","2.08","4.06","0.1","4939"
"Josh Kinney","Cardinals","0","0","0","7","0","7.0","10.29","1.29","0.00",".188","100.0 %","75.0 %","0.0 %","0.00","1.27","1.84","0.1","3638"
"Angel Guzman","Cubs","0","0","0","6","1","9.2","9.31","3.72","0.93",".321","66.2 %","27.6 %","8.3 %","5.59","3.96","4.25","0.1","2145"
"Merkin Valdez","Giants","1","0","0","17","1","16.0","7.31","3.94","0.56",".283","83.3 %","47.8 %","6.7 %","1.69","4.01","4.43","0.1","7019"
"Al Reyes","Rays","2","2","0","26","0","22.2","7.54","3.97","0.79",".297","68.5 %","34.4 %","7.4 %","4.37","4.06","4.48","0.1","1005"
"Alfredo Aceves","Yankees","1","0","0","6","4","30.0","4.80","3.00","1.20",".233","91.8 %","41.9 %","10.5 %","2.40","4.80","4.74","0.1","5164"
"Pat Neshek","Twins","0","1","0","15","0","13.1","10.13","2.70","1.35",".286","68.2 %","30.6 %","13.3 %","4.73","3.73","3.26","0.1","4682"
"Mitch Stetter","Brewers","3","1","0","30","0","25.1","11.01","6.75","0.71",".226","81.9 %","36.0 %","8.3 %","3.20","4.43","4.66","0.1","5579"
"Michael Wuertz","Cubs","1","1","0","45","0","44.2","6.04","4.03","0.81",".296","70.2 %","45.6 %","10.0 %","3.63","4.30","4.31","0.1","1856"
"Julian Tavarez","- - -","1","5","0","52","0","54.2","8.40","4.61","0.82",".378","63.9 %","52.5 %","13.5 %","5.10","4.16","3.86","0.1","541"
"Kyle Kendrick","Phillies","11","9","0","31","30","155.2","3.93","3.30","1.33",".305","69.6 %","44.3 %","14.0 %","5.49","5.55","5.02","0.1","6230"
"Clay Rapada","Tigers","3","0","0","25","0","21.1","6.33","5.91","0.00",".297","67.7 %","50.8 %","0.0 %","4.22","3.84","4.89","0.1","4831"
"Casey Fossum","Tigers","3","1","0","31","0","41.1","6.10","3.92","0.87",".317","65.7 %","44.5 %","8.5 %","5.66","4.56","4.80","0.1","188"
"Jim Miller","Orioles","0","2","1","8","0","7.2","9.39","5.87","0.00",".360","80.0 %","47.8 %","0.0 %","1.17","3.39","4.42","0.1","7458"
"Chris Lambert","Tigers","1","2","0","8","3","20.2","6.53","3.05","1.31",".373","61.5 %","37.7 %","9.7 %","5.66","4.87","4.96","0.1","8047"
"Jonathan Albaladejo","Yankees","0","1","0","7","0","13.2","8.56","3.95","0.66",".368","76.5 %","39.5 %","8.3 %","3.95","3.50","3.70","0.1","3521"
"Kason Gabbard","Rangers","2","3","0","12","12","56.0","5.30","6.27","0.80",".319","70.1 %","64.7 %","12.2 %","4.82","5.26","5.06","0.1","3418"
"Kei Igawa","Yankees","0","1","0","2","1","4.0","0.00","0.00","0.00",".542","53.9 %","39.1 %","0.0 %","13.50","3.13","6.10","0.1","7794"
"Wil Ledezma","- - -","0","2","0","28","6","58.1","8.18","6.33","0.62",".285","73.8 %","37.2 %","5.8 %","4.17","4.47","5.14","0.1","1669"
"Charlie Zink","Red Sox","0","0","0","1","1","4.1","2.08","2.08","0.00",".478","33.3 %","43.5 %","0.0 %","16.62","3.36","6.40","0.1","4180"
"Jorge Julio","- - -","3","0","0","27","0","30.0","10.20","5.70","0.90",".320","81.8 %","46.2 %","10.7 %","3.60","4.17","4.10","0.1","148"
"Ryan Feierabend","Mariners","1","4","0","8","8","39.2","5.90","3.18","1.59",".385","62.3 %","37.9 %","12.5 %","7.71","5.25","4.82","0.1","6336"
"Warner Madrigal","Rangers","0","2","1","31","1","36.0","5.50","3.50","1.00",".281","63.1 %","33.3 %","7.3 %","4.75","4.52","5.09","0.1","6419"
"Les Walrond","Phillies","1","1","0","6","0","10.1","10.45","7.84","0.00",".464","68.2 %","50.0 %","0.0 %","6.10","3.42","4.06","0.1","1735"
"Randor Bierd","Orioles","0","2","0","29","0","36.2","6.14","4.66","0.74",".352","74.5 %","42.6 %","6.5 %","4.91","4.63","5.22","0.1","5555"
"Neal Cotts","Cubs","0","2","0","50","0","35.2","10.85","3.28","1.77",".323","80.6 %","36.7 %","17.1 %","4.29","4.45","3.41","0.1","1797"
"Leo Rosales","Diamondbacks","1","1","0","27","0","30.0","5.40","4.50","0.60",".300","73.0 %","45.0 %","5.4 %","4.20","4.40","5.16","0.1","5618"
"Brandon McCarthy","Rangers","1","1","0","5","5","22.0","4.09","3.27","1.23",".239","72.6 %","24.3 %","8.8 %","4.09","5.22","5.49","0.1","4662"
"Fernando Nieve","Astros","0","1","0","11","0","10.2","10.13","1.69","1.69",".455","55.6 %","31.4 %","15.4 %","8.44","3.88","3.05","0.1","2173"
"Edward Mujica","Indians","3","2","0","33","0","38.2","6.28","2.33","1.16",".328","56.0 %","30.5 %","8.5 %","6.75","4.27","4.60","0.1","3970"
"Yoslan Herrera","Pirates","1","1","0","5","5","18.1","4.91","5.89","0.49",".447","60.1 %","43.8 %","5.3 %","9.82","4.88","5.53","0.1","7759"
"Luis Ayala","- - -","2","10","9","81","0","75.2","5.95","2.85","1.07",".310","60.2 %","45.6 %","11.1 %","5.71","4.47","4.33","0.1","1650"
"Rich Rundles","Indians","0","0","0","8","0","5.0","10.80","5.40","0.00",".385","87.5 %","53.8 %","0.0 %","1.80","2.53","3.59","0.1","2760"
"Mike MacDougal","White Sox","0","0","0","16","0","17.0","6.35","6.35","0.00",".308","86.7 %","48.1 %","0.0 %","2.12","4.19","5.51","0.1","612"
"Phil Stockman","Braves","0","0","0","6","0","7.1","11.05","4.91","0.00",".143","100.0 %","42.9 %","0.0 %","0.00","2.72","4.16","0.1","2206"
"Kurt Birkins","Rays","0","0","0","6","0","10.0","6.30","4.50","0.00",".200","90.0 %","52.2 %","0.0 %","0.90","3.23","4.55","0.1","7266"
"Brandon League","Blue Jays","1","2","1","31","0","33.0","6.27","4.09","0.55",".265","85.7 %","66.7 %","14.3 %","2.18","4.16","3.93","0.1","3731"
"Logan Kensing","Marlins","3","1","0","48","0","55.1","8.95","5.37","1.14",".277","79.0 %","33.5 %","9.0 %","4.23","4.79","5.01","0.1","6166"
"Josh Roenicke","Reds","0","0","0","5","0","3.0","18.00","6.00","0.00",".667","66.7 %","22.2 %","0.0 %","9.00","2.13","3.45","0.1","3241"
"Wes Littleton","Rangers","0","0","0","12","0","18.0","7.00","4.00","0.50",".315","61.6 %","52.7 %","6.7 %","6.00","4.13","4.51","0.1","6236"
"Javier Lopez","Red Sox","2","0","0","70","0","59.1","5.76","4.10","0.61",".278","83.8 %","59.6 %","10.3 %","2.43","4.19","4.18","0.1","1663"
"Mark DiFelice","Brewers","1","0","0","15","0","19.0","9.47","1.89","1.89",".260","90.9 %","25.9 %","13.8 %","2.84","4.40","3.67","0.1","2468"
"James McDonald","Dodgers","0","0","0","4","0","6.0","3.00","1.50","0.00",".238","100.0 %","15.0 %","0.0 %","0.00","2.97","5.82","0.1","5523"
"Ehren Wassermann","White Sox","1","2","0","24","0","19.2","4.12","6.41","0.00",".351","54.8 %","38.9 %","0.0 %","7.78","4.50","6.52","0.1","6380"
"Esteban Loaiza","- - -","1","2","0","10","3","27.0","3.33","1.67","1.33",".240","58.4 %","37.4 %","9.1 %","5.33","4.98","5.21","0.1","1310"
"Juan Salas","Rays","0","0","0","5","0","6.1","11.37","5.68","0.00",".333","44.4 %","20.0 %","0.0 %","7.11","2.50","3.96","0.1","2533"
"Guillermo Mota","Brewers","5","6","1","58","0","57.0","7.89","4.42","1.11",".283","74.1 %","44.8 %","12.7 %","4.11","4.45","4.12","0.1","1467"
"Tom Gordon","Phillies","5","4","2","34","0","29.2","7.89","5.16","0.91",".301","66.2 %","40.0 %","7.3 %","5.16","4.41","4.92","0.1","282"
"Mark Redman","Rockies","2","5","0","10","9","45.1","3.97","3.18","1.39",".323","55.7 %","47.0 %","15.2 %","7.54","5.38","4.71","0.1","491"
"Kevin Cameron","Padres","0","0","0","10","0","10.0","4.50","5.40","0.00",".286","43.8 %","41.2 %","0.0 %","3.60","3.93","5.51","0.1","3523"
"Nick Masset","- - -","2","0","1","42","1","62.0","6.24","3.77","1.02",".332","75.1 %","52.6 %","13.0 %","3.92","4.57","4.25","0.1","7267"
"Kiko Calero","Athletics","0","0","0","5","0","4.2","13.50","5.79","0.00",".300","50.0 %","20.0 %","0.0 %","3.86","2.06","3.76","0.1","1676"
"Josh Banks","Padres","3","6","0","17","14","85.1","4.54","3.38","1.27",".291","73.1 %","36.4 %","10.3 %","4.75","5.18","5.16","0.1","5570"
"Chad Cordero","Nationals","0","0","0","6","0","4.1","10.38","6.23","0.00",".429","88.9 %","50.0 %","0.0 %","2.08","2.90","4.42","0.1","1816"
"Bobby Parnell","Mets","0","0","0","6","0","5.0","5.40","3.60","0.00",".214","40.0 %","42.9 %","0.0 %","5.40","3.13","4.45","0.1","9926"
"Brian Gordon","Rangers","0","0","0","3","0","4.0","2.25","0.00","0.00",".267","75.0 %","13.3 %","0.0 %","2.25","2.63","5.27","0.1","2374"
"Todd Coffey","- - -","1","0","0","26","0","26.2","5.06","2.70","1.35",".307","78.5 %","55.7 %","20.0 %","4.39","4.97","4.01","0.1","2467"
"Jailen Peguero","Diamondbacks","0","0","0","7","0","9.1","4.82","3.86","0.00",".321","57.1 %","44.4 %","0.0 %","4.82","3.67","4.94","0.1","2913"
"Justin Thomas","Mariners","0","1","0","8","0","4.0","4.50","4.50","0.00",".500","72.7 %","17.6 %","0.0 %","6.75","3.63","5.94","0.1","9910"
"Scott Patterson","- - -","0","0","0","4","0","4.2","13.50","11.57","0.00",".222","87.5 %","44.4 %","0.0 %","1.93","3.99","4.84","0.0","5"
"Jose Capellan","Rockies","0","0","0","1","0","2.0","9.00","0.00","0.00",".429","66.7 %","42.9 %","0.0 %","4.50","1.13","1.79","0.0","2236"
"Jon Niese","Mets","1","1","0","3","3","14.0","7.07","5.14","1.29",".375","67.5 %","43.8 %","12.5 %","7.07","5.13","4.78","0.0","4424"
"Franklin Morales","Rockies","1","2","0","5","5","25.1","3.20","6.04","0.71",".286","64.8 %","40.0 %","5.6 %","6.39","5.58","6.43","0.0","5088"
"John Grabow","Pirates","6","3","4","74","0","76.0","7.34","4.38","1.07",".239","85.5 %","39.6 %","10.6 %","2.84","4.54","4.47","0.0","1848"
"Alex Serrano","Angels","0","0","0","1","0","1.0","9.00","0.00","0.00",".333","100.0 %","66.7 %","0.0 %","0.00","1.13","2.45","0.0","2436"
"Carl Pavano","Yankees","4","2","0","7","7","34.1","3.93","2.62","1.31",".300","66.7 %","40.5 %","9.6 %","5.77","5.37","5.48","0.0","790"
"Shane Loux","Angels","0","0","0","7","0","16.0","2.25","1.13","0.56",".263","75.3 %","59.6 %","8.3 %","2.81","4.19","4.37","0.0","1613"
"Jamie Burke","Mariners","0","1","0","1","0","1.0","0.00","0.00","0.00",".250","0.0 %","25.0 %","0.0 %","9.00","3.13","5.77","0.0","6"
"Jon Meloan","Indians","0","0","0","2","0","2.0","9.00","4.50","0.00",".000","100.0 %","33.3 %","0.0 %","0.00","2.63","3.95","0.0","3355"
"Tyler Clippard","Nationals","1","1","0","2","2","10.1","6.97","6.10","1.74",".323","86.4 %","21.2 %","9.5 %","4.35","6.13","6.29","0.0","5640"
"Tony Pena","Royals","0","0","0","1","0","1.0","9.00","0.00","0.00",".000","100.0 %","50.0 %","0.0 %","0.00","1.13","1.13","0.0","2240"
"Aaron Miles","Cardinals","0","0","0","1","0","1.0","0.00","0.00","0.00",".000","100.0 %","33.3 %","0.0 %","0.00","3.13","5.77","0.0","1844"
"Dirk Hayhurst","Padres","0","2","0","10","3","16.2","7.56","5.40","1.08",".431","55.6 %","43.1 %","10.5 %","9.72","4.81","4.75","0.0","6010"
"Matt DeSalvo","Braves","0","0","0","2","0","2.0","9.00","9.00","0.00",".786","46.2 %","21.4 %","0.0 %","31.50","4.13","7.43","0.0","5439"
"Dennis Sarfate","Orioles","4","3","0","57","4","79.2","9.72","7.00","0.90",".276","70.1 %","41.2 %","9.5 %","4.74","4.88","4.96","0.0","2174"
"Rich Hill","Cubs","1","0","0","5","5","19.2","6.86","8.24","0.92",".208","78.8 %","33.3 %","7.4 %","4.12","5.83","6.31","0.0","4806"
"Tony Armas Jr.","Mets","1","0","0","3","1","8.1","6.48","1.08","2.16",".321","54.4 %","39.3 %","20.0 %","7.56","5.17","3.63","0.0","761"
"Enrique Gonzalez","Padres","1","0","0","4","0","3.1","2.70","5.40","0.00",".333","33.3 %","50.0 %","0.0 %","10.80","4.33","6.31","0.0","2568"
"Mark Lowe","Mariners","1","5","1","57","0","63.2","7.77","4.81","0.85",".353","66.9 %","44.6 %","8.5 %","5.37","4.42","4.66","0.0","7416"
"Jack Taschner","Giants","3","2","0","67","0","48.0","7.31","4.50","0.94",".331","73.7 %","38.7 %","7.6 %","4.88","4.49","4.94","0.0","2766"
"Tanyon Sturtze","Dodgers","0","0","0","3","0","2.1","3.86","3.86","0.00",".143","100.0 %","14.3 %","0.0 %","0.00","3.56","5.82","0.0","1230"
"Freddy Garcia","Tigers","1","1","0","3","3","15.0","7.20","3.60","1.80",".205","72.5 %","40.5 %","15.8 %","4.20","5.53","4.60","0.0","1077"
"Juan Morillo","Rockies","0","0","0","1","0","1.0","0.00","0.00","0.00",".250","100.0 %","25.0 %","0.0 %","0.00","3.13","7.09","0.0","3369"
"Alan Embree","Athletics","2","5","0","70","0","61.2","8.32","4.38","1.17",".295","68.9 %","44.6 %","10.4 %","4.96","4.53","4.49","0.0","1030"
"Randy Wells","- - -","0","0","0","4","0","5.1","1.69","5.06","0.00",".000","100.0 %","64.3 %","0.0 %","0.00","4.44","5.68","0.0","4535"
"Micah Bowie","Rockies","0","1","0","10","0","8.0","5.63","3.38","1.13",".357","51.5 %","48.3 %","9.1 %","9.00","5.01","5.19","0.0","1561"
"Jae Kuk Ryu","Rays","0","0","0","1","0","1.1","6.75","6.75","0.00",".000","100.0 %","100.0 %","0.0 %","0.00","3.88","3.88","0.0","8228"
"Yhency Brazoban","Dodgers","0","0","0","2","0","3.0","9.00","9.00","0.00",".400","71.4 %","10.0 %","0.0 %","6.00","4.13","6.77","0.0","2150"
"Andrew Carpenter","Phillies","0","0","0","1","0","1.0","9.00","9.00","0.00",".333","100.0 %","0.0 %","0.0 %","0.00","4.13","6.77","0.0","9533"
"Chris Perez","Cardinals","3","3","7","41","0","41.2","9.07","4.75","1.08",".271","78.0 %","38.7 %","10.9 %","3.46","4.33","4.23","0.0","5213"
"Romulo Sanchez","Pirates","0","0","1","10","0","13.1","2.03","4.05","0.00",".298","71.4 %","42.6 %","0.0 %","4.05","4.26","5.94","0.0","4170"
"Royce Ring","Braves","2","1","0","42","0","22.1","6.45","4.03","0.81",".361","46.1 %","56.1 %","10.0 %","8.46","4.48","4.49","0.0","4350"
"James Parr","Braves","1","0","0","5","5","22.1","5.64","3.63","1.61",".333","77.2 %","26.9 %","11.1 %","4.84","5.42","5.21","0.0","7734"
"Jason Davis","Pirates","2","4","0","14","4","34.0","3.44","4.50","0.53",".305","61.6 %","52.1 %","7.1 %","5.29","4.90","5.22","0.0","1598"
"Joselo Diaz","Rangers","0","0","0","1","0","1.0","18.00","9.00","0.00",".500","66.7 %","0.0 %","0.0 %","0.00","5.13","6.45","0.0","2057"
"Burke Badenhop","Marlins","2","3","0","13","8","47.1","6.65","3.99","1.33",".316","65.0 %","54.5 %","17.5 %","6.08","5.10","4.29","0.0","9736"
"Humberto Sanchez","Yankees","0","0","0","2","0","2.0","4.50","9.00","0.00",".200","66.7 %","60.0 %","0.0 %","4.50","5.13","5.79","0.0","4303"
"Neal Musser","Royals","0","0","0","1","0","1.0","0.00","9.00","0.00",".000","100.0 %","100.0 %","0.0 %","0.00","6.13","6.13","0.0","2727"
"Rich Thompson","Angels","0","0","0","2","0","2.0","4.50","9.00","0.00",".444","16.7 %","66.7 %","0.0 %","22.50","5.13","5.79","0.0","6422"
"Randy Messenger","Mariners","0","0","1","13","0","12.2","4.97","3.55","0.71",".349","82.5 %","27.9 %","5.0 %","3.55","4.47","5.53","0.0","2658"
"Daniel Herrera","Reds","0","0","0","7","0","7.1","9.82","3.68","1.23",".391","58.8 %","63.6 %","25.0 %","7.36","4.77","3.71","0.0","4552"
"Ricardo Rincon","Mets","0","0","0","8","0","4.0","6.75","2.25","2.25",".273","83.3 %","16.7 %","16.7 %","4.50","5.63","4.36","0.0","401"
"Nick Adenhart","Angels","1","0","0","3","3","12.0","3.00","9.75","0.00",".391","61.3 %","47.8 %","0.0 %","9.00","5.72","7.36","0.0","6879"
"Alberto Castillo","Orioles","1","0","0","28","0","26.0","7.96","3.46","1.04",".308","82.9 %","44.3 %","9.7 %","3.81","4.82","4.90","0.0","3316"
"Jeff Fulchino","Royals","0","1","0","12","0","14.0","7.71","5.14","1.29",".388","55.2 %","47.1 %","11.8 %","9.00","5.20","4.95","0.0","3532"
"Valerio de los Santos","Rockies","0","1","0","2","2","8.0","11.25","12.38","1.13",".278","76.9 %","36.8 %","11.1 %","5.63","6.38","6.24","0.0","681"
"Jeff Suppan","Brewers","10","10","0","31","31","177.2","4.56","3.39","1.52",".301","71.2 %","44.4 %","15.7 %","4.96","5.51","4.73","0.0","633"
"Ian Kennedy","Yankees","0","4","0","10","9","39.2","6.13","5.90","1.13",".333","57.1 %","40.6 %","7.6 %","8.17","5.45","6.01","0.0","6986"
"Mark Mulder","Cardinals","0","0","0","3","1","1.2","10.80","10.80","0.00",".571","71.4 %","28.6 %","0.0 %","10.80","6.13","9.30","0.0","932"
"Clay Hensley","Padres","1","2","0","32","1","39.0","6.00","5.77","0.46",".286","59.1 %","50.8 %","5.4 %","5.31","4.47","5.05","0.0","4593"
"Yorman Bazardo","Tigers","0","0","0","3","0","3.0","9.00","15.00","0.00",".583","33.3 %","33.3 %","0.0 %","24.00","6.13","8.77","0.0","3143"
"Rick Bauer","Indians","0","0","0","4","0","6.0","6.00","4.50","1.50",".409","34.5 %","26.1 %","7.7 %","13.50","5.47","6.15","0.0","125"
"Peter Moylan","Braves","0","1","1","7","0","5.2","7.94","1.59","1.59",".235","100.0 %","66.7 %","25.0 %","1.59","4.72","3.36","0.0","4891"
"Jeremy Accardo","Blue Jays","0","3","4","16","0","12.1","3.65","2.92","0.73",".311","53.8 %","45.7 %","5.6 %","6.57","4.59","5.46","0.0","6428"
"Jeff Gray","Athletics","0","0","0","5","0","4.2","7.71","1.93","1.93",".412","69.8 %","33.3 %","16.7 %","7.71","5.49","4.40","0.0","7718"
"Kent Mercker","Reds","1","0","0","15","0","13.2","3.95","5.27","0.66",".279","81.6 %","39.5 %","6.7 %","3.29","4.96","5.46","0.0","439"
"Gary Glover","- - -","2","3","0","47","0","54.1","6.13","3.64","1.16",".320","70.3 %","39.1 %","9.2 %","5.30","4.77","4.94","0.0","234"
"Jensen Lewis","Indians","0","4","13","51","0","66.0","7.09","3.68","1.09",".300","80.0 %","35.3 %","9.8 %","3.82","4.59","4.65","0.0","3384"
"Chad Paronto","Astros","0","1","0","6","0","10.1","3.48","1.74","1.74",".273","78.4 %","41.2 %","15.4 %","4.35","5.45","4.60","0.0","399"
"Jesse Chavez","Pirates","0","1","0","15","0","15.0","9.60","5.40","1.20",".383","68.7 %","45.7 %","12.5 %","6.60","4.53","4.20","0.0","5448"
"Luis Vizcaino","Rockies","1","2","0","43","0","46.0","9.59","3.72","1.96",".306","74.1 %","32.8 %","15.4 %","5.28","5.13","4.17","0.0","714"
"Bob McCrory","Orioles","0","0","0","8","0","6.1","7.11","11.37","0.00",".417","33.3 %","60.9 %","0.0 %","15.63","5.34","6.38","0.0","5924"
"Scott Dohmann","Rays","2","0","0","12","0","14.2","7.36","4.30","1.23",".356","67.6 %","57.4 %","18.2 %","6.14","4.70","3.92","0.0","1936"
"Eric Hurley","Rangers","1","2","0","5","5","24.2","4.74","3.28","1.82",".266","72.4 %","21.7 %","10.6 %","5.47","5.93","5.81","0.0","8364"
"Ron Villone","Cardinals","1","2","1","74","0","50.0","9.00","6.66","0.72",".301","72.7 %","37.8 %","7.4 %","4.68","4.51","4.90","0.0","1010"
"Jesus Delgado","Marlins","0","0","0","2","0","2.0","0.00","13.50","0.00",".143","75.0 %","50.0 %","0.0 %","4.50","7.63","8.95","-0.1","3308"
"Kevin Hart","Cubs","2","2","0","21","0","27.2","7.48","5.86","0.65",".385","62.9 %","56.8 %","9.1 %","6.51","4.69","4.79","-0.1","8079"
"Jon Lieber","Cubs","2","3","0","26","1","46.2","5.21","1.16","1.93",".308","81.1 %","39.8 %","15.4 %","4.05","5.27","4.33","-0.1","287"
"Runelvys Hernandez","Astros","0","3","0","4","4","19.1","6.98","5.12","1.86",".412","64.2 %","40.8 %","17.4 %","8.38","5.98","4.86","-0.1","1528"
"Francisley Bueno","Braves","0","0","0","1","0","2.1","3.86","3.86","3.86",".400","87.0 %","18.2 %","14.3 %","7.71","9.13","7.52","-0.1","5980"
"Jason Frasor","Blue Jays","1","2","0","49","0","47.1","7.99","6.08","0.76",".248","72.6 %","38.3 %","8.0 %","4.18","4.55","4.84","-0.1","1906"
"David Pauley","Red Sox","0","1","0","6","2","12.1","8.03","3.65","1.46",".438","45.8 %","44.0 %","13.3 %","11.68","4.92","4.41","-0.1","3625"
"Andrew Brown","Athletics","1","0","0","31","0","35.0","7.20","5.40","0.77",".213","78.4 %","35.4 %","6.3 %","3.09","4.53","5.23","-0.1","2115"
"Connor Robertson","Diamondbacks","0","1","0","6","0","7.0","2.57","2.57","1.29",".269","72.9 %","28.0 %","11.1 %","5.14","5.70","5.54","-0.1","7705"
"Mark Worrell","Cardinals","0","1","0","4","0","5.2","6.35","6.35","1.59",".389","66.0 %","27.8 %","16.7 %","7.94","6.13","5.23","-0.1","8045"
"Osiris Matos","Giants","1","2","0","20","0","20.2","6.97","3.92","1.31",".333","59.8 %","24.3 %","8.3 %","4.79","4.92","5.33","-0.1","4100"
"Billy Buckner","Diamondbacks","1","0","0","10","0","14.0","7.07","2.57","1.93",".325","95.2 %","41.9 %","21.4 %","3.21","5.42","3.95","-0.1","8253"
"Scott Proctor","Dodgers","2","0","0","41","0","38.2","10.71","5.59","1.63",".318","63.4 %","37.5 %","15.2 %","6.05","4.97","4.18","-0.1","1911"
"Jack Cassel","Astros","1","1","0","9","3","30.1","4.15","2.37","1.48",".317","65.0 %","44.8 %","13.5 %","5.64","5.24","4.71","-0.1","3052"
"Devon Lowery","Royals","0","0","0","5","0","4.1","12.46","4.15","4.15",".364","57.7 %","46.2 %","33.3 %","10.38","7.75","3.57","-0.1","3500"
"Pedro Feliciano","Mets","3","4","2","86","0","53.1","8.44","4.39","1.18",".331","81.4 %","53.2 %","16.7 %","4.05","4.59","3.93","-0.1","1601"
"Jeff Niemann","Rays","2","2","0","5","2","16.0","7.88","4.50","1.69",".300","65.8 %","42.9 %","14.3 %","5.06","5.51","4.80","-0.1","8591"
"Fernando Hernandez","Athletics","1","0","0","3","0","3.0","6.00","15.00","0.00",".364","40.0 %","27.3 %","0.0 %","18.00","7.80","10.00","-0.1","5536"
"David Aardsma","Red Sox","4","2","0","47","0","48.2","9.06","6.47","0.74",".333","68.4 %","44.0 %","7.8 %","5.55","4.65","4.97","-0.1","1902"
"Shairon Martis","Nationals","1","3","0","5","4","20.2","10.02","5.23","2.18",".250","69.6 %","33.3 %","19.2 %","5.66","5.79","4.31","-0.1","6781"
"Sean Henn","Padres","0","0","0","4","0","9.1","8.68","8.68","0.96",".357","64.5 %","39.3 %","10.0 %","7.71","5.49","5.51","-0.1","2147"
"Brandon Medders","Diamondbacks","1","0","0","18","0","19.2","3.66","5.03","0.92",".231","69.9 %","40.6 %","7.4 %","4.58","5.62","6.11","-0.1","8604"
"Jason Bulger","Angels","0","0","0","14","0","16.0","11.25","5.06","1.69",".308","59.6 %","31.0 %","17.6 %","7.31","5.13","4.10","-0.1","3915"
"Justin Germano","Padres","0","3","0","12","6","43.2","3.50","2.68","1.65",".297","65.1 %","49.1 %","15.4 %","5.98","5.70","4.88","-0.1","1938"
"Carlos Muniz","Mets","1","1","0","18","0","23.1","6.17","2.70","1.54",".282","69.3 %","26.7 %","10.5 %","5.40","5.15","5.06","-0.1","5878"
"Edgar Gonzalez","Diamondbacks","1","3","0","17","6","48.0","6.00","3.94","1.50",".318","67.8 %","37.5 %","11.8 %","6.00","5.47","5.17","-0.1","1727"
"Carlos Guevara","Padres","1","0","0","10","0","12.1","8.03","6.57","1.46",".289","67.7 %","33.3 %","11.8 %","5.84","5.65","5.35","-0.1","5692"
"Bryan Bullington","Indians","0","2","0","3","2","14.2","7.36","1.23","2.45",".268","72.6 %","53.3 %","30.8 %","4.91","5.65","3.28","-0.1","5066"
"Greg Aquino","Orioles","0","0","0","9","0","9.1","8.68","8.68","0.96",".485","56.4 %","34.4 %","7.7 %","12.54","6.13","6.58","-0.1","1899"
"Mike Parisi","Cardinals","0","4","0","12","2","23.0","5.09","5.87","0.78",".385","56.9 %","36.0 %","6.3 %","8.22","5.09","5.79","-0.1","8070"
"Jon Adkins","Reds","1","0","0","4","0","3.2","7.36","7.36","2.45",".375","100.0 %","22.2 %","25.0 %","2.45","7.50","5.39","-0.1","1799"
"Brian Sanches","Nationals","2","0","0","12","0","11.0","8.18","4.09","1.64",".389","62.5 %","42.1 %","20.0 %","7.36","5.31","4.15","-0.1","2739"
"Carmen Pignatiello","Cubs","0","0","0","2","0","0.2","0.00","27.00","0.00",".500","80.0 %","100.0 %","0.0 %","13.50","16.63","16.63","-0.1","3088"
"J.C. Romero","Phillies","4","4","1","81","0","59.0","7.93","5.80","0.76",".232","85.7 %","61.5 %","14.3 %","2.75","4.66","4.34","-0.1","754"
"Lance Broadway","White Sox","1","0","0","7","1","14.0","4.50","3.21","2.57",".320","72.2 %","53.7 %","28.6 %","7.07","6.92","4.52","-0.1","9885"
"Eddie Kunz","Mets","0","0","0","4","0","2.2","3.38","3.38","3.38",".400","53.6 %","77.8 %","100.0 %","13.50","9.51","4.63","-0.1","2862"
"Jason Hirsh","Rockies","0","0","0","4","1","8.2","6.23","4.15","3.12",".364","60.8 %","19.4 %","13.0 %","8.31","7.63","6.63","-0.1","6293"
"Tim Dillard","Brewers","0","0","0","13","0","14.1","3.14","3.77","1.26",".288","54.5 %","44.4 %","12.5 %","4.40","5.50","5.16","-0.1","5518"
"Chris Bootcheck","Angels","0","1","0","10","0","16.0","7.87","6.75","1.12",".452","61.2 %","36.5 %","8.3 %","10.12","5.26","5.61","-0.1","1842"
"Freddy Dolsi","Tigers","1","5","2","42","0","47.2","5.48","5.29","0.57",".303","78.1 %","51.3 %","7.1 %","3.97","4.68","5.03","-0.1","5424"
"Matt Wise","Mets","0","1","0","8","0","7.0","7.71","3.86","2.57",".348","78.4 %","48.0 %","33.3 %","6.43","6.42","3.83","-0.1","42"
"Alex Hinshaw","Giants","2","1","0","48","0","39.2","10.66","6.58","1.13",".274","83.9 %","25.3 %","10.0 %","3.40","4.82","4.84","-0.1","3941"
"Jose Ascanio","Cubs","0","0","0","6","0","5.2","4.76","6.35","1.59",".333","69.0 %","30.0 %","9.1 %","7.94","7.01","7.28","-0.1","3951"
"Shawn Estes","Padres","2","3","0","9","8","43.2","3.92","3.71","1.24",".288","71.4 %","54.2 %","15.4 %","4.74","5.42","4.81","-0.1","873"
"Ross Ohlendorf","- - -","1","4","0","30","5","62.2","7.04","4.45","1.44",".364","66.4 %","43.3 %","13.9 %","6.46","5.17","4.61","-0.1","8268"
"Alfredo Simon","Orioles","0","0","0","4","1","13.0","5.54","1.38","2.77",".279","69.4 %","61.7 %","28.6 %","6.23","6.82","4.24","-0.1","2155"
"Chris Resop","Braves","0","1","0","16","0","18.1","6.38","4.91","0.98",".255","63.5 %","50.9 %","11.8 %","5.89","5.10","4.90","-0.1","3799"
"Masa Kobayashi","Indians","4","5","6","57","0","55.2","5.66","2.26","1.29",".306","72.7 %","50.3 %","14.5 %","4.53","4.55","3.99","-0.1","3276"
"Doug Mathis","Rangers","2","1","0","8","4","22.1","3.63","5.64","1.21",".395","66.2 %","36.8 %","10.3 %","6.85","5.95","5.92","-0.1","3944"
"Daryl Thompson","Reds","0","2","0","3","3","14.1","3.77","4.40","1.88",".327","71.4 %","40.0 %","14.3 %","6.91","6.69","5.90","-0.1","6603"
"Scott Elbert","Dodgers","0","1","0","10","0","6.0","12.00","6.00","3.00",".438","53.6 %","44.4 %","28.6 %","12.00","7.30","4.50","-0.1","7489"
"Brian Slocum","Indians","0","0","0","2","0","2.0","4.50","0.00","9.00",".545","48.4 %","23.1 %","28.6 %","27.00","16.63","8.25","-0.1","4705"
"Matt Chico","Nationals","0","6","0","11","8","48.0","5.81","3.19","1.88",".331","70.2 %","37.3 %","15.4 %","6.19","5.67","4.75","-0.1","6068"
"Francis Beltran","Tigers","1","0","0","11","0","13.0","6.23","4.15","2.08",".263","81.1 %","48.8 %","27.3 %","4.85","6.13","4.25","-0.1","1530"
"Tommy Hunter","Rangers","0","2","0","3","3","11.0","7.36","2.45","3.27",".413","32.7 %","31.3 %","18.2 %","16.36","7.31","5.22","-0.1","1157"
"Cedrick Bowers","Rockies","0","0","0","5","0","6.2","6.75","6.75","2.70",".450","49.3 %","36.4 %","20.0 %","13.50","8.23","6.31","-0.2","3293"
"Pat Misch","Giants","0","3","0","15","7","52.1","6.54","2.58","1.89",".276","68.3 %","44.1 %","17.7 %","5.68","5.44","4.27","-0.2","5909"
"Elizardo Ramirez","Rangers","0","1","0","1","0","2.2","3.37","6.75","3.37",".500","20.8 %","26.7 %","14.3 %","30.37","10.63","9.22","-0.2","1946"
"Jared Wells","- - -","0","0","0","8","0","8.1","5.40","7.56","2.16",".300","65.8 %","34.5 %","16.7 %","8.64","7.57","6.35","-0.2","5538"
"Elmer Dessens","Braves","0","1","0","4","0","4.0","4.50","9.00","2.25",".474","31.8 %","45.0 %","16.7 %","22.50","8.38","7.11","-0.2","317"
"Jason Johnson","Dodgers","1","2","0","16","2","29.1","6.14","3.68","1.53",".297","69.2 %","55.8 %","18.5 %","5.22","5.42","4.41","-0.2","147"
"Gary Majewski","Reds","1","0","0","37","0","40.0","6.07","3.37","1.35",".390","68.0 %","50.3 %","13.6 %","6.52","5.08","4.58","-0.2","2131"
"Kyle Snyder","Red Sox","0","0","0","2","0","1.2","5.40","10.80","5.40",".200","0.0 %","40.0 %","33.3 %","21.60","13.33","7.90","-0.2","1689"
"Lee Gardner","Marlins","0","0","0","7","0","6.2","5.40","5.40","2.70",".429","65.8 %","35.7 %","22.2 %","10.80","7.63","5.51","-0.2","1448"
"Bobby Korecky","Twins","2","0","0","16","0","17.2","3.06","4.08","1.02",".293","74.4 %","50.8 %","10.5 %","4.58","5.28","5.23","-0.2","4608"
"Doug Slaten","Diamondbacks","0","3","0","45","0","32.1","5.57","3.90","1.11",".276","68.3 %","38.9 %","8.7 %","4.73","5.17","5.44","-0.2","3107"
"Yasuhiko Yabuta","Royals","1","3","0","31","0","37.2","5.97","4.06","1.43",".292","74.6 %","49.6 %","13.6 %","4.78","5.23","4.70","-0.2","3277"
"Billy Traber","Yankees","0","0","0","19","0","16.2","5.94","3.78","1.62",".351","68.4 %","43.3 %","16.7 %","7.02","5.77","4.86","-0.2","410"
"Erick Threets","Giants","0","1","0","7","0","10.0","5.40","8.10","0.90",".323","88.0 %","35.5 %","7.7 %","3.60","6.83","7.25","-0.2","3158"
"Joe Thatcher","Padres","0","4","0","25","0","25.2","5.96","4.56","1.40",".404","60.7 %","40.9 %","12.5 %","8.42","5.35","4.97","-0.2","4620"
"Chris Britton","Yankees","0","0","0","15","0","23.0","4.70","4.30","1.57",".308","77.8 %","26.8 %","9.8 %","5.09","5.78","5.87","-0.2","3600"
"Lenny DiNardo","Athletics","1","2","0","11","2","23.0","4.70","5.09","1.17",".333","62.2 %","53.5 %","15.0 %","7.43","5.74","5.19","-0.2","1894"
"Levale Speigner","Nationals","0","1","0","7","0","8.0","1.13","6.75","1.13",".375","56.1 %","67.7 %","14.3 %","11.25","7.51","7.04","-0.2","5717"
"Kip Wells","- - -","1","3","0","25","2","37.2","7.41","7.17","0.96",".321","64.2 %","53.2 %","12.5 %","6.21","5.42","5.15","-0.2","1012"
"Radhames Liz","Orioles","6","6","0","17","17","84.1","6.08","5.44","1.71",".312","65.9 %","33.7 %","12.4 %","6.72","6.17","5.72","-0.2","5843"
"Shawn Chacon","Astros","2","3","0","15","15","85.2","5.57","4.31","1.68",".275","72.7 %","36.6 %","13.0 %","5.04","5.83","5.29","-0.2","424"
"Matt Palmer","Giants","0","2","0","3","3","12.2","2.13","9.24","0.71",".333","62.1 %","47.9 %","5.9 %","8.53","7.24","7.98","-0.2","4457"
"R.J. Swindle","Phillies","0","0","0","3","0","4.2","7.71","3.86","3.86",".438","85.4 %","16.7 %","20.0 %","7.71","8.27","5.53","-0.2","539"
"Brendan Donnelly","Indians","1","0","0","15","0","13.2","5.27","6.59","1.32",".367","62.5 %","34.7 %","10.0 %","8.56","6.06","6.09","-0.2","1441"
"Adam Pettyjohn","Reds","0","1","0","3","1","4.0","2.25","4.50","4.50",".450","44.6 %","9.1 %","20.0 %","20.25","11.38","8.18","-0.2","489"
"Kazuo Fukumori","Rangers","0","0","0","4","0","4.0","2.25","9.00","4.50",".474","49.2 %","42.9 %","25.0 %","20.25","12.13","8.27","-0.2","3288"
"Chris Schroder","Nationals","0","0","0","4","0","5.0","5.40","10.80","3.60",".250","97.8 %","41.2 %","25.0 %","5.40","10.73","7.64","-0.2","3553"
"Randy Flores","Cardinals","1","0","1","43","0","25.2","5.96","7.01","0.70",".352","74.7 %","50.5 %","7.1 %","5.26","5.27","5.70","-0.2","1446"
"Armando Benitez","Blue Jays","0","1","0","8","0","6.1","12.79","2.84","4.26",".083","55.6 %","26.7 %","33.3 %","5.68","7.40","3.11","-0.2","865"
"Jason Isringhausen","Cardinals","1","5","12","42","0","42.2","7.59","4.64","1.05",".326","69.1 %","50.7 %","13.5 %","5.70","4.87","4.49","-0.2","1158"
"Chad Fox","Cubs","0","1","0","3","0","3.1","2.70","8.10","2.70",".111","83.3 %","0.0 %","12.5 %","5.40","9.13","8.40","-0.2","684"
"Jeff Ridgway","Braves","1","0","0","10","0","9.2","7.45","0.93","2.79",".160","100.0 %","59.3 %","42.9 %","3.72","6.13","3.05","-0.2","2819"
"Charlie Haeger","Padres","0","0","0","4","0","4.1","8.31","10.38","4.15",".400","41.0 %","25.0 %","22.2 %","16.62","12.13","8.87","-0.2","3545"
"Brian Falkenborg","- - -","2","3","0","25","0","22.1","7.66","4.84","1.61",".328","77.2 %","53.7 %","20.0 %","5.24","5.37","4.22","-0.2","1859"
"Ray King","Nationals","0","0","0","12","0","6.1","1.42","5.68","1.42",".308","79.4 %","40.0 %","10.0 %","5.68","7.24","7.27","-0.2","693"
"Dan Meyer","Athletics","0","4","0","11","4","27.2","6.51","4.55","1.95",".319","52.9 %","27.8 %","10.9 %","7.48","6.13","5.93","-0.2","4402"
"Francisco Cruceta","Tigers","0","3","0","13","0","11.2","8.49","7.71","1.54",".333","74.3 %","43.8 %","22.2 %","5.40","6.05","4.83","-0.2","2104"
"Joaquin Benoit","Rangers","3","2","1","44","0","45.0","8.60","7.00","1.20",".272","70.6 %","26.8 %","8.5 %","5.00","5.29","5.63","-0.2","1437"
"R.A. Dickey","Mariners","5","8","0","32","14","112.1","4.65","4.09","1.20",".291","71.8 %","46.5 %","10.8 %","5.21","5.25","5.15","-0.2","1245"
"Ryan Bukvich","Orioles","0","0","0","4","0","5.1","8.44","10.13","3.38",".412","90.2 %","47.4 %","22.2 %","6.75","9.51","6.86","-0.2","1531"
"Homer Bailey","Reds","0","6","0","8","8","36.1","4.46","4.21","1.98",".372","61.7 %","43.5 %","18.6 %","7.93","6.41","5.10","-0.2","8362"
"Brad Hennessey","Giants","1","2","0","17","4","40.1","4.69","3.35","1.79",".364","64.9 %","37.4 %","11.8 %","7.81","5.86","5.50","-0.2","3720"
"Frankie de la Cruz","Marlins","0","0","0","6","1","9.0","4.00","11.00","2.00",".361","25.9 %","43.2 %","16.7 %","18.00","8.80","7.67","-0.2","3920"
"Steven Register","Rockies","0","0","0","10","0","10.0","7.20","5.40","3.60",".290","67.2 %","37.1 %","25.0 %","9.00","8.53","5.44","-0.2","7463"
"Jason Hammel","Rays","4","4","2","40","5","78.1","5.06","4.02","1.26",".283","71.7 %","46.9 %","13.3 %","4.60","5.25","4.82","-0.3","4538"
"Bill White","Rangers","0","0","0","8","0","4.0","2.25","24.75","2.25",".353","54.2 %","22.2 %","11.1 %","20.25","14.13","13.85","-0.3","3089"
"Jimmy Barthmaier","Pirates","0","2","0","3","3","10.1","5.23","6.97","2.61",".361","60.6 %","36.1 %","20.0 %","10.45","8.07","6.21","-0.3","6292"
"T.J. Beam","Pirates","2","2","1","32","0","45.2","4.73","3.94","1.18",".252","77.7 %","36.2 %","7.9 %","4.14","5.23","5.72","-0.3","6101"
"Wesley Wright","Astros","4","3","1","71","0","55.2","9.22","5.50","1.29",".252","68.3 %","39.7 %","13.6 %","5.01","5.00","4.53","-0.3","5960"
"Ryan Franklin","Cardinals","6","6","17","74","0","78.2","5.83","3.43","1.14",".302","81.0 %","42.7 %","10.4 %","3.55","4.75","4.70","-0.3","1076"
"Mitch Talbot","Rays","0","0","0","3","1","9.2","4.66","10.24","2.79",".382","67.2 %","37.8 %","23.1 %","11.17","9.86","7.59","-0.3","4961"
"Philip Humber","Twins","0","0","0","5","0","11.2","4.63","3.86","3.09",".206","96.5 %","50.0 %","30.8 %","4.63","8.10","5.12","-0.3","8586"
"Jimmy Gobble","Royals","0","2","1","39","0","31.2","7.67","6.54","1.42",".333","57.9 %","28.3 %","8.9 %","8.81","5.85","6.13","-0.3","1791"
"Mitchell Boggs","Cardinals","3","2","0","8","6","34.0","3.44","5.82","1.32",".303","62.7 %","52.4 %","13.9 %","7.41","6.40","5.88","-0.3","3344"
"Chris Smith","Red Sox","1","0","0","12","0","18.1","6.38","3.44","2.95",".231","54.2 %","26.3 %","20.0 %","7.85","7.11","5.02","-0.3","4544"
"Marco Estrada","Nationals","0","0","0","11","0","12.2","7.11","3.55","2.84",".310","59.8 %","47.8 %","26.7 %","7.82","7.32","4.77","-0.3","1118"
"Mike Ekstrom","Padres","0","2","0","8","0","9.2","5.59","6.52","1.86",".375","71.4 %","47.1 %","22.2 %","7.45","6.75","5.29","-0.3","7488"
"Adam Loewen","Orioles","0","2","0","7","4","21.1","5.91","7.59","2.11",".308","66.7 %","49.3 %","17.2 %","8.02","7.40","6.14","-0.3","2134"
"Franquelis Osoria","Pirates","4","3","0","43","0","60.2","4.60","1.78","1.48",".352","67.4 %","49.8 %","16.4 %","6.08","5.04","4.23","-0.3","2860"
"Aaron Heilman","Mets","3","8","3","78","0","76.0","9.47","5.45","1.18",".308","70.7 %","40.8 %","13.5 %","5.21","4.91","4.48","-0.3","1751"
"Vinnie Chulk","Giants","0","3","0","27","0","31.2","4.55","2.27","1.71",".252","72.3 %","38.4 %","11.8 %","4.83","5.53","5.19","-0.3","1838"
"Bryan Corey","- - -","1","3","0","46","0","45.0","4.40","2.40","1.60",".288","57.6 %","41.6 %","12.9 %","6.80","5.27","4.77","-0.3","1439"
"Jorge Sosa","Mets","4","1","0","20","0","21.2","4.98","4.57","1.66",".325","50.9 %","39.5 %","12.5 %","7.06","5.95","5.49","-0.3","1228"
"Hideo Nomo","Royals","0","0","0","3","0","4.1","6.23","8.31","6.23",".412","51.0 %","40.0 %","30.0 %","18.69","13.52","7.56","-0.3","666"
"Evan Meek","Pirates","0","1","0","9","0","13.0","4.85","8.31","2.08",".211","65.7 %","55.0 %","37.5 %","6.92","8.06","5.87","-0.4","5109"
"Josh Rupe","Rangers","3","1","0","46","0","89.1","5.34","4.63","0.81",".309","70.4 %","49.1 %","8.7 %","5.14","4.99","5.18","-0.4","7206"
"Jaime Garcia","Cardinals","1","1","0","10","1","16.0","4.50","4.50","2.25",".208","74.7 %","60.8 %","40.0 %","5.63","7.07","4.64","-0.4","8137"
"Josh Fogg","Reds","2","7","0","22","14","78.1","5.17","3.10","1.95",".300","57.4 %","37.9 %","14.3 %","7.58","6.07","5.25","-0.4","989"
"Geno Espineli","Giants","2","0","0","15","0","16.0","4.50","4.50","2.81",".250","83.3 %","38.5 %","27.8 %","5.06","7.69","5.11","-0.4","7405"
"Josh Newman","- - -","0","0","0","12","0","15.2","4.60","6.89","2.30",".362","62.9 %","33.9 %","16.7 %","8.62","8.11","6.81","-0.4","7383"
"Matt Morris","Pirates","0","4","0","5","5","22.1","3.63","2.82","2.42",".372","45.7 %","37.1 %","16.7 %","9.67","7.03","5.66","-0.4","1172"
"Derrick Turnbow","Brewers","0","1","1","8","0","6.1","7.11","18.47","1.42",".458","61.0 %","45.8 %","16.7 %","15.63","10.24","9.43","-0.4","1694"
"Eric O'Flaherty","Mariners","0","1","0","7","0","6.2","5.40","5.40","2.70",".467","36.5 %","50.0 %","25.0 %","20.25","8.53","6.21","-0.4","5746"
"Craig Hansen","- - -","2","7","3","48","0","46.1","6.22","8.35","0.58",".257","59.4 %","56.9 %","6.7 %","6.22","5.51","5.94","-0.4","4798"
"Joel Zumaya","Tigers","0","2","1","21","0","23.1","8.49","8.49","1.16",".313","79.0 %","40.0 %","10.7 %","3.47","5.75","5.66","-0.4","4699"
"Tom Mastny","Indians","2","2","0","14","1","20.0","8.55","4.95","2.70",".344","49.0 %","31.9 %","17.6 %","10.80","6.78","5.12","-0.4","5768"
"Juan Rincon","- - -","3","3","0","47","0","55.1","6.34","3.90","1.30",".328","66.4 %","42.2 %","11.9 %","5.86","5.07","4.78","-0.4","752"
"Manny Acosta","Braves","3","5","3","46","0","53.0","5.26","4.42","1.19",".255","76.7 %","53.4 %","15.6 %","3.57","5.21","4.61","-0.4","8725"
"Scott Schoeneweis","Mets","2","6","1","73","0","56.2","5.40","3.65","1.11",".274","81.7 %","49.7 %","12.7 %","3.34","4.97","4.64","-0.4","33"
"Rocky Cherry","Orioles","0","3","1","18","0","17.0","7.94","8.47","1.59",".240","61.2 %","44.2 %","15.0 %","6.35","6.66","5.92","-0.4","5188"
"Jake Woods","Mariners","0","0","0","15","0","19.0","4.26","5.21","2.37",".279","77.8 %","27.3 %","14.3 %","6.16","7.50","6.51","-0.4","2196"
"Tom Glavine","Braves","2","4","0","13","13","63.1","5.26","5.26","1.56",".287","72.5 %","47.4 %","18.0 %","5.54","6.02","5.03","-0.4","90"
"Ryan Tucker","Marlins","2","3","0","13","6","37.0","6.81","5.59","1.95",".325","61.9 %","43.5 %","16.7 %","8.27","6.46","5.36","-0.4","1062"
"Brandon Backe","Astros","9","14","0","31","31","166.2","6.86","4.16","1.94",".324","72.7 %","37.9 %","16.1 %","6.05","5.87","4.83","-0.4","1529"
"David Riske","Brewers","1","2","2","45","0","42.1","5.74","5.31","1.28",".304","73.9 %","28.8 %","10.3 %","5.31","5.47","5.43","-0.4","402"
"Joe Borowski","Indians","1","3","6","18","0","16.2","4.86","4.32","2.16",".328","68.2 %","23.4 %","12.5 %","7.56","6.61","6.02","-0.4","267"
"Billy Sadler","Giants","0","1","0","33","0","44.1","8.53","5.48","1.22",".246","79.2 %","31.6 %","10.9 %","4.06","5.37","5.24","-0.4","6235"
"Tim Byrdak","Astros","2","1","0","59","0","55.1","7.64","4.72","1.63",".235","83.9 %","42.6 %","16.7 %","3.90","5.46","4.54","-0.4","1995"
"Denny Bautista","- - -","4","4","0","51","0","60.1","6.56","6.27","0.90",".311","72.5 %","36.7 %","7.2 %","5.22","5.15","5.67","-0.5","1947"
"Marino Salas","Pirates","1","0","0","13","0","17.0","4.76","7.41","2.12",".356","70.6 %","37.7 %","17.4 %","8.47","7.96","6.68","-0.5","2432"
"Mike Timlin","Red Sox","4","4","1","47","0","49.1","5.84","3.65","1.64",".309","71.6 %","43.8 %","14.1 %","5.66","5.48","4.82","-0.5","1187"
"Sean Burnett","Pirates","1","1","0","58","0","56.2","6.67","5.40","1.11",".298","74.5 %","47.9 %","12.7 %","4.76","5.16","4.83","-0.5","1886"
"Keith Foulke","Athletics","0","3","1","31","0","31.0","6.68","3.77","2.03",".236","87.0 %","30.9 %","14.3 %","4.06","5.94","5.09","-0.5","231"
"Brian Bass","- - -","4","4","1","49","4","89.1","4.53","3.12","1.21",".292","67.4 %","57.5 %","15.6 %","4.84","5.08","4.47","-0.5","2219"
"Fernando Cabrera","Orioles","2","1","0","22","0","28.1","9.85","5.40","2.86",".307","85.2 %","23.8 %","20.5 %","5.40","6.87","4.79","-0.5","2105"
"Kelvin Jimenez","Cardinals","0","0","0","15","0","24.0","4.12","5.62","1.87",".280","78.4 %","45.9 %","19.2 %","5.62","6.92","5.64","-0.5","2902"
"Mike O'Connor","Nationals","1","1","0","5","1","9.0","4.00","11.00","3.00",".267","50.6 %","36.7 %","25.0 %","13.00","10.24","7.67","-0.5","6457"
"Renyel Pinto","Marlins","2","5","0","67","0","64.2","7.79","5.43","1.25",".244","75.2 %","46.0 %","14.1 %","4.45","5.20","4.70","-0.5","2180"
"Dave Borkowski","Astros","0","2","0","26","0","36.0","6.00","3.50","2.25",".360","69.2 %","39.2 %","17.0 %","7.50","6.30","4.99","-0.5","2002"
"Todd Jones","Tigers","4","1","18","45","0","41.2","3.02","3.89","1.08",".296","64.6 %","43.2 %","9.8 %","4.97","5.60","5.66","-0.5","436"
"Wade LeBlanc","Padres","1","3","0","5","4","21.1","5.91","6.33","2.95",".324","73.1 %","41.1 %","25.9 %","8.02","8.19","5.60","-0.6","5221"
"Jason Jennings","Rangers","0","5","0","6","6","27.1","3.95","5.93","2.63",".281","63.1 %","46.1 %","21.1 %","8.56","8.14","6.17","-0.6","434"
"Greg Reynolds","Rockies","2","8","0","14","13","62.0","3.19","3.77","2.03",".303","58.9 %","45.1 %","17.7 %","8.13","6.81","5.55","-0.6","5712"
"Taylor Tankersley","Marlins","0","1","0","25","0","17.2","6.62","4.08","3.06",".286","66.4 %","25.4 %","18.2 %","8.15","7.60","5.65","-0.6","8249"
"Charlie Manning","Nationals","1","3","0","57","0","42.0","7.93","6.64","1.71",".239","74.8 %","39.8 %","15.4 %","5.14","6.06","5.22","-0.7","3578"
"Kyle Farnsworth","- - -","2","3","1","61","0","60.1","9.10","3.28","2.24",".340","84.7 %","35.1 %","19.0 %","4.48","5.49","3.98","-0.7","278"
"Dontrelle Willis","Tigers","0","2","0","8","7","24.0","6.75","13.13","1.50",".219","59.9 %","42.6 %","12.9 %","9.38","8.30","7.83","-0.7","1703"
"John Van Benschoten","Pirates","1","3","0","9","5","22.1","8.46","8.06","2.82",".405","63.8 %","41.6 %","28.0 %","10.48","8.42","5.82","-0.7","2228"
"C.J. Wilson","Rangers","2","2","24","50","0","46.1","7.96","5.24","1.55",".301","64.4 %","49.3 %","16.3 %","6.02","5.48","4.63","-0.7","3580"
"Matt Guerrier","Twins","6","9","1","76","0","76.1","6.96","4.36","1.41",".305","71.0 %","46.7 %","14.0 %","5.19","5.08","4.53","-0.7","2061"
"Gio Gonzalez","Athletics","1","4","0","10","7","34.0","9.00","6.62","2.38",".250","54.9 %","41.8 %","23.1 %","7.68","7.04","5.11","-0.7","7448"
"Chuck James","Braves","2","5","0","7","7","29.2","6.67","6.07","3.03",".286","64.4 %","31.3 %","20.0 %","9.10","8.36","6.20","-0.7","4886"
"Troy Percival","Rays","2","1","28","50","0","45.2","7.49","5.32","1.77",".168","69.8 %","23.0 %","10.7 %","4.53","5.87","5.73","-0.8","29"
"Steve Trachsel","Orioles","2","5","0","10","8","39.2","3.63","6.13","2.27",".307","59.7 %","41.9 %","15.6 %","8.39","7.72","6.57","-0.8","898"
"Joel Peralta","Royals","1","2","0","40","0","52.2","6.49","2.39","2.56",".265","68.6 %","35.1 %","18.8 %","5.98","6.30","4.60","-0.8","2332"
"Justin Speier","Angels","2","8","0","62","0","68.0","7.41","3.57","1.99",".269","75.3 %","35.4 %","14.2 %","5.03","5.81","5.00","-0.9","451"
"Eric Gagne","Brewers","4","3","10","50","0","46.1","7.38","4.27","2.14",".269","76.9 %","37.4 %","20.4 %","5.44","6.13","4.58","-0.9","650"
"Jamie Walker","Orioles","1","3","0","59","0","38.0","5.68","2.61","2.84",".315","70.5 %","35.7 %","17.6 %","6.87","6.92","5.18","-0.9","502"
"Tom Gorzelanny","Pirates","6","9","0","21","21","105.1","5.72","5.98","1.71",".301","68.7 %","40.3 %","13.2 %","6.66","6.35","5.77","-1.0","6244"
"Oscar Villarreal","Astros","1","3","0","35","0","37.2","5.02","4.06","2.87",".259","81.5 %","40.9 %","22.2 %","5.02","7.67","5.42","-1.0","1654"
"Miguel Batista","Mariners","4","14","1","44","20","115.0","5.71","6.18","1.49",".306","67.7 %","45.6 %","14.3 %","6.26","6.23","5.60","-1.4","46"
