Rk,Name,Age,Tm,IP,G,GS,R,RA9,RA9opp,RA9def,RA9role,PPFp,RA9avg,RAA,WAA,gmLI,WAAadj,WAR,RAR,waaWL%,162WL%,Salary,Acquired
1,David Aardsma\aardsda01,33,ATL,30.2,33,0,17,4.99,4.19,-0.10,-0.30,98.5,3.93,-3,-0.4,1.15,-0.1,-0.2,-1,.489,.498,,Free Agency
2,Fernando Abad*\abadfe01,29,OAK,47.2,62,0,23,4.34,4.56,-0.02,-0.34,98.6,4.19,-1,-0.1,.72,-0.1,0.3,4,.498,.499,$1087500,Traded
3,A.J. Achter\achteaj01,26,MIN,13.1,11,0,10,6.75,4.33,-0.07,-0.32,105.7,4.31,-4,-0.4,.47,0.1,-0.2,-2,.464,.498,,Amateur Draft
4,Austin Adams\adamsau01,28,CLE,33.1,28,0,15,4.05,4.40,0.15,-0.32,108.6,4.26,0,0.0,.44,-0.1,0.3,4,.502,.500,$507700,Amateur Draft
5,Nathan Adcock\adcocna01,27,CIN,18.0,13,0,12,6.00,4.11,-0.03,-0.30,103.1,3.96,-4,-0.4,.69,0.0,-0.2,-3,.467,.497,,Free Agency
6,Jeremy Affeldt*\affelje01,36,SFG,35.1,52,0,24,6.11,4.48,0.21,-0.33,98.1,3.87,-9,-0.9,1.27,-0.2,-0.8,-6,.482,.494,$6000000,Free Agency
7,Andrew Albers*\alberan01,29,TOR,2.2,1,0,1,3.38,3.77,0.10,-0.28,112.0,3.81,0,0.0,1.21,0.0,0.0,0,.511,.500,,Free Agency
8,Matt Albers\alberma01,32,CHW,37.1,30,0,6,1.45,4.30,-0.07,-0.32,97.4,3.94,10,1.1,1.04,-0.1,1.4,14,.537,.507,$1500000,Free Agency
9,Al Alburquerque\albural01,29,DET,62.0,67,0,29,4.21,4.39,0.02,-0.32,98.2,3.97,-2,-0.2,.83,-0.1,0.3,4,.496,.499,$1725000,Free Agency
10,Scott Alexander*\alexasc02,25,KCR,6.0,4,0,3,4.50,4.29,0.24,-0.32,106.0,3.96,0,0.0,.04,0.0,0.0,0,.489,.500,,Amateur Draft
11,Cody Allen\allenco01,26,CLE,69.1,70,0,26,3.38,4.40,0.10,-0.32,104.3,4.14,5,0.6,1.50,0.0,1.2,12,.508,.503,$547100,Amateur Draft
12,Miguel Almonte\almonmi01,22,KCR,8.2,9,0,6,6.23,4.37,0.21,-0.32,104.6,4.01,-2,-0.2,.62,0.0,-0.1,-1,.474,.499,,Amateur Free Agent
13,Dario Alvarez*\alvarda01,26,NYM,3.2,6,0,5,12.27,3.96,-0.02,-0.29,94.5,3.50,-4,-0.4,1.15,0.0,-0.4,-3,.439,.498,,Free Agency
14,Henderson Alvarez\alvarhe01,25,MIA,22.1,4,4,18,7.25,4.00,0.27,0.16,98.0,3.81,-8,-0.8,,0.0,-0.6,-7,.311,.495,$4000000,Traded
15,Jose Alvarez*\alvarjo02,26,LAA,67.0,64,0,29,3.90,4.51,0.09,-0.33,92.7,3.80,-1,-0.2,.95,-0.2,0.4,6,.498,.499,$509500,Traded
16,R.J. Alvarez\alvarrj01,24,OAK,20.0,21,0,23,10.35,4.44,-0.02,-0.33,98.4,4.07,-14,-1.4,.37,0.4,-0.8,-12,.432,.491,$507500,Traded
17,Alexi Amarista\amarial01,26,SDP,0.1,1,0,0,0.00,4.27,-0.08,-0.30,100.0,4.05,0,0.0,.00,0.0,0.0,0,.517,.500,$1150000,Traded
18,Brett Anderson*\anderbr04,27,LAD,180.1,31,31,82,4.09,4.10,0.03,0.16,96.6,4.09,1,0.1,,-0.1,1.5,15,.503,.500,$10000000,Free Agency
19,Chase Anderson\anderch01,27,ARI,152.2,27,27,75,4.42,4.19,0.37,0.17,104.1,4.14,-4,-0.4,,-0.1,0.8,8,.484,.497,$512500,Amateur Draft
20,Cody Anderson\anderco01,24,CLE,91.1,15,15,32,3.15,4.33,0.15,0.17,105.8,4.61,14,1.6,,-0.1,2.4,23,.606,.510,,Amateur Draft
21,Matt Andriese\andrima01,25,TBR,65.2,25,8,32,4.39,4.78,0.13,-0.06,97.9,4.49,0,0.0,.81,-0.1,0.6,7,.501,.500,$507500,Traded
22,Elvis Araujo*\araujel01,23,PHI,34.2,40,0,17,4.41,4.33,-0.36,-0.31,102.1,4.47,0,0.0,.87,-0.1,0.3,3,.501,.500,,Free Agency
23,Chris Archer\archech01,26,TBR,212.0,34,34,85,3.61,4.63,0.11,0.18,97.6,4.59,21,2.4,,-0.1,4.3,43,.570,.515,$1166667,Traded
24,Shawn Armstrong\armstsh01,24,CLE,8.0,8,0,2,2.25,4.56,0.09,-0.34,107.7,4.45,2,0.2,.12,-0.1,0.2,3,.526,.501,,Amateur Draft
25,Jonathan Aro\arojo01,24,BOS,10.1,6,0,8,6.97,4.59,-0.05,-0.34,105.8,4.56,-3,-0.3,.77,0.0,-0.2,-2,.451,.498,,Amateur Free Agent
26,Jake Arrieta\arrieja01,29,CHC,229.0,33,33,52,2.04,4.17,0.08,0.17,99.1,4.22,56,6.9,,-0.2,8.7,74,.709,.543,$3630000,Traded
27,Alec Asher\asheral01,23,PHI,29.0,7,7,30,9.31,4.23,-0.49,0.17,103.1,5.04,-14,-1.2,,0.0,-1.0,-11,.323,.492,,Traded
28,Scott Atchison\atchisc01,39,CLE,19.2,23,0,15,6.86,4.48,0.16,-0.33,107.6,4.29,-6,-0.6,.64,0.1,-0.4,-4,.473,.496,$900000,Free Agency
29,Phillippe Aumont\aumonph01,26,PHI,4.0,1,1,6,13.50,3.92,-0.42,0.16,102.0,4.58,-4,-0.3,,0.0,-0.3,-4,.205,.498,,Traded
30,Luis Avilan*\avilalu01,25,2TM,53.1,73,0,24,4.05,4.35,-0.08,-0.32,95.2,3.91,-1,-0.1,1.61,-0.1,0.3,4,.499,.500,$530000,Amateur Free Agent
31,Dylan Axelrod\axelrdy01,29,CIN,12.1,6,0,13,9.49,4.21,-0.03,-0.31,104.6,4.11,-7,-0.7,1.00,0.0,-0.6,-6,.381,.496,,Purchased
32,John Axford\axforjo01,32,COL,55.2,60,0,27,4.37,4.30,-0.11,-0.31,118.7,4.86,3,0.4,1.58,0.0,0.8,8,.506,.502,$2600000,Free Agency
33,Burke Badenhop\badenbu01,32,CIN,66.1,68,0,30,4.07,4.18,-0.03,-0.30,100.9,3.94,-1,-0.1,.88,-0.2,0.4,5,.499,.500,$1000000,Free Agency
34,Pedro Baez\baezpe01,27,LAD,51.0,52,0,22,3.88,4.24,0.02,-0.31,95.0,3.72,-1,-0.1,1.33,-0.1,0.2,3,.498,.499,$512500,Amateur Free Agent
35,Andrew Bailey\bailean01,31,NYY,8.2,10,0,8,8.31,5.14,-0.28,-0.38,98.3,4.96,-3,-0.3,.45,0.1,-0.2,-2,.466,.498,,Free Agency
36,Homer Bailey\baileho02,29,CIN,11.1,2,2,7,5.56,3.96,-0.03,0.16,102.0,4.23,-2,-0.2,,0.0,-0.1,-1,.418,.499,$10000000,Amateur Draft
37,Scott Baker\bakersc02,33,LAD,11.0,2,2,7,5.73,4.51,0.03,0.18,87.7,4.08,-2,-0.2,,0.0,-0.1,-1,.402,.499,,Free Agency
38,Collin Balester\balesco01,29,CIN,15.2,15,0,13,7.47,4.40,-0.03,-0.32,100.3,4.11,-6,-0.6,.49,0.1,-0.4,-5,.460,.496,,Purchased
39,Grant Balfour\balfogr01,37,TBR,4.1,6,0,3,6.23,5.02,0.15,-0.37,96.4,4.34,-1,-0.1,.58,0.0,-0.1,-1,.483,.499,,Free Agency
40,Manny Banuelos*\banuema01,24,ATL,26.1,7,6,17,5.81,4.01,-0.14,0.14,98.8,4.23,-5,-0.5,.54,0.0,-0.2,-2,.434,.497,,Traded
41,Matt Barnes\barnema01,25,BOS,43.0,32,2,28,5.86,4.48,-0.05,-0.21,107.5,4.64,-6,-0.7,.98,-0.1,-0.3,-2,.479,.496,$508500,Amateur Draft
42,Kyle Barraclough\barraky01,25,MIA,24.1,25,0,8,2.96,4.09,0.14,-0.30,97.9,3.57,2,0.2,1.32,0.0,0.4,4,.508,.501,,Traded
43,Aaron Barrett\barreaa01,27,WSN,29.1,40,0,15,4.60,4.32,-0.10,-0.31,100.9,4.14,-1,-0.2,1.60,-0.1,0.0,1,.496,.499,$514200,Amateur Draft
44,Yhonathan Barrios\barriyh01,23,MIL,6.2,5,0,0,0.00,4.23,-0.01,-0.31,97.6,3.85,3,0.3,.52,-0.1,0.3,3,.566,.502,,Traded
45,Anthony Bass\bassan01,27,TEX,64.0,33,0,33,4.64,4.42,0.01,-0.33,104.7,4.28,-3,-0.3,.54,-0.1,0.2,3,.490,.498,$725000,Free Agency
46,Chris Bassitt\bassich01,26,OAK,86.0,18,13,36,3.77,4.25,-0.02,0.11,98.4,4.30,4,0.5,.26,-0.1,1.2,13,.526,.503,,Traded
47,Antonio Bastardo*\bastaan01,29,PIT,57.1,66,0,19,2.98,4.20,0.12,-0.31,98.9,3.73,5,0.5,.97,-0.2,0.9,10,.508,.503,$3100000,Traded
48,Trevor Bauer\bauertr01,24,CLE,176.0,31,30,90,4.60,4.36,0.12,0.17,105.8,4.66,-1,-0.1,.14,-0.1,1.5,18,.497,.499,$1940000,Traded
49,Brandon Beachy\beachbr01,28,LAD,8.0,2,2,7,7.88,3.99,0.03,0.16,91.0,3.75,-4,-0.3,,0.0,-0.3,-3,.333,.498,$2750000,Free Agency
50,Chris Beck\beckch02,24,CHW,6.0,1,1,5,7.50,4.30,-0.09,0.17,106.0,4.84,-2,-0.2,,0.0,-0.1,-1,.333,.499,,Amateur Draft
51,Cam Bedrosian\bedroca01,23,LAA,33.1,34,0,21,5.67,4.40,0.09,-0.32,92.8,3.70,-8,-0.8,.66,0.1,-0.4,-4,.476,.495,,Amateur Draft
52,Dallas Beeler\beeleda01,26,CHC,8.1,3,3,11,11.88,3.86,0.13,0.15,100.6,3.91,-7,-0.6,,0.0,-0.6,-7,.288,.496,$508000,Amateur Draft
53,Joe Beimel*\beimejo01,38,SEA,47.1,53,0,25,4.75,4.33,-0.40,-0.32,96.2,4.24,-3,-0.3,.97,-0.1,0.0,2,.494,.498,,Free Agency
54,Ronald Belisario\belisro01,32,TBR,8.0,6,0,7,7.88,4.05,0.13,-0.30,101.1,3.66,-4,-0.4,.42,0.1,-0.2,-3,.435,.498,,Free Agency
55,Matt Belisle\belisma01,35,STL,33.2,34,0,10,2.67,4.20,0.12,-0.31,101.5,3.83,4,0.5,1.14,0.0,0.8,7,.515,.503,$3500000,Free Agency
56,Jeff Beliveau*\belivje01,28,TBR,2.2,5,0,4,13.50,5.47,0.19,-0.40,96.7,4.72,-3,-0.3,.85,0.0,-0.2,-2,.446,.498,$513600,Purchased
57,Andrew Bellatti\bellaan01,23,TBR,23.1,17,0,7,2.70,4.46,0.12,-0.33,97.6,3.92,3,0.3,1.33,0.0,0.6,5,.519,.502,,Amateur Draft
58,Joaquin Benoit\benoijo01,37,SDP,65.1,67,0,17,2.34,4.15,-0.08,-0.30,94.6,3.72,10,1.1,1.49,0.1,1.8,15,.517,.507,$8000000,Free Agency
59,Christian Bergman\bergmch01,27,COL,68.1,30,4,36,4.74,4.44,-0.13,-0.21,117.2,5.12,3,0.3,.80,-0.2,0.8,9,.511,.502,,Amateur Draft
60,Dellin Betances\betande01,27,NYY,84.0,74,0,17,1.82,4.37,-0.15,-0.32,98.9,4.16,21,2.3,1.67,0.6,3.7,30,.531,.514,$507500,Amateur Draft
61,Rafael Betancourt\betanra01,40,COL,39.1,45,0,29,6.64,4.33,-0.12,-0.32,117.7,4.88,-8,-0.8,1.07,-0.1,-0.6,-4,.482,.495,$1000000,Free Agency
62,Chad Bettis\bettich01,26,COL,115.0,20,20,56,4.38,4.30,-0.12,0.17,118.7,5.45,14,1.6,,-0.1,2.6,23,.581,.510,,Amateur Draft
63,Chad Billingsley\billich01,30,PHI,37.0,7,7,26,6.32,4.31,-0.49,0.17,97.5,4.85,-6,-0.6,,0.0,-0.3,-3,.415,.496,$1500000,Free Agency
64,Joe Blanton\blantjo01,34,2TM,76.0,36,4,26,3.08,4.23,0.18,-0.19,101.3,3.91,7,0.8,.59,-0.3,1.2,14,.521,.503,,Free Agency
65,Michael Blazek\blazemi01,26,MIL,55.2,45,0,17,2.75,4.18,-0.02,-0.30,101.6,3.95,8,0.8,.64,-0.3,1.1,12,.519,.505,$508500,Traded
66,Jerry Blevins*\blevije01,31,NYM,5.0,7,0,0,0.00,4.01,-0.01,-0.29,90.3,3.36,2,0.2,1.98,0.1,0.4,2,.530,.501,,Traded
67,Brett Bochy\bochybr02,27,SFG,3.0,4,0,0,0.00,4.01,0.14,-0.29,92.0,3.30,1,0.1,.08,-0.1,0.1,1,.531,.501,,Amateur Draft
68,Mike Bolsinger\bolsimi01,27,LAD,109.1,21,21,49,4.03,4.18,0.03,0.17,97.9,4.23,3,0.3,,-0.1,1.2,12,.515,.502,,Purchased
69,Brad Boxberger\boxbebr01,27,TBR,63.0,69,0,29,4.14,4.46,0.11,-0.33,98.6,3.97,-2,-0.2,1.87,-0.2,0.2,5,.497,.499,$521400,Traded
70,Matt Boyd*\boydma01,24,2TM,57.1,13,12,50,7.85,4.45,0.03,0.17,98.7,4.52,-22,-1.9,.07,0.0,-1.4,-16,.353,.492,,Traded
71,Blaine Boyer\boyerbl01,33,MIN,65.0,68,0,24,3.32,4.44,-0.08,-0.33,102.7,4.30,6,0.7,1.24,-0.1,1.3,13,.510,.504,$750000,Free Agency
72,Brad Brach\brachbr01,29,BAL,79.1,62,0,25,2.84,4.53,0.01,-0.33,102.7,4.31,12,1.3,1.14,-0.1,2.0,20,.521,.508,$523000,Traded
73,Silvino Bracho\brachsi01,22,ARI,12.1,13,0,2,1.46,4.09,0.27,-0.30,106.4,3.75,3,0.4,.71,-0.1,0.4,4,.527,.502,,Amateur Free Agent
74,Archie Bradley\bradlar01,22,ARI,35.2,8,8,23,5.80,4.19,0.38,0.17,102.7,4.08,-7,-0.7,,0.0,-0.4,-4,.416,.496,,Amateur Draft
75,Craig Breslow*\breslcr01,34,BOS,65.0,45,2,33,4.57,4.45,-0.05,-0.26,108.2,4.58,-1,-0.1,.87,-0.1,0.5,6,.499,.500,$2000000,Free Agency
76,Jake Brigham\brighja01,27,ATL,16.2,12,0,16,8.64,4.02,-0.15,-0.18,107.3,4.28,-8,-0.8,.50,0.1,-0.6,-7,.432,.495,,Free Agency
77,Zach Britton*\brittza01,27,BAL,65.2,64,0,16,2.19,4.46,0.01,-0.33,103.4,4.27,14,1.6,1.51,0.2,2.5,21,.525,.510,$3200000,Amateur Draft
78,Mike Broadway\broadmi01,28,SFG,17.1,21,0,10,5.19,4.26,0.19,-0.31,93.0,3.50,-3,-0.3,.55,0.0,-0.2,-2,.484,.498,,Free Agency
79,Aaron Brooks\brookaa01,25,2TM,55.1,13,9,41,6.67,4.34,0.00,0.11,99.0,4.39,-15,-1.4,.96,0.0,-0.9,-9,.392,.493,,Amateur Draft
80,Rex Brothers*\brothre01,27,COL,10.1,17,0,2,1.74,4.60,-0.13,-0.33,125.0,5.50,4,0.5,.95,0.0,0.5,5,.528,.503,$1400000,Amateur Draft
81,Brooks Brown\brownbr02,30,COL,33.0,36,0,18,4.91,4.52,-0.13,-0.33,116.2,5.03,1,0.1,1.15,-0.1,0.3,3,.502,.500,$509500,Free Agency
82,Jonathan Broxton\broxtjo01,31,2TM,60.1,66,0,32,4.77,4.11,0.03,-0.30,101.2,3.83,-6,-0.6,1.06,-0.1,-0.2,-1,.490,.497,$9000000,Traded
83,David Buchanan\buchada01,26,PHI,74.2,15,15,60,7.23,4.18,-0.47,0.17,100.5,4.84,-20,-1.9,,-0.1,-1.3,-14,.374,.488,$512500,Amateur Draft
84,Jake Buchanan\buchaja01,25,HOU,9.0,5,0,2,2.00,4.84,0.12,-0.36,97.5,4.26,2,0.2,.39,-0.1,0.2,3,.548,.501,,Amateur Draft
85,Clay Buchholz\buchhcl01,30,BOS,113.1,18,18,48,3.81,4.55,-0.04,0.18,106.1,5.06,15,1.7,,-0.1,2.7,26,.593,.510,$12000000,Amateur Draft
86,Mark Buehrle*\buehrma01,36,TOR,198.2,32,32,100,4.53,4.25,0.11,0.17,98.7,4.24,-8,-0.9,,-0.1,0.9,12,.473,.495,$20000000,Traded
87,Madison Bumgarner*\bumgama01,25,SFG,218.1,32,32,73,3.01,4.24,0.16,0.17,95.8,4.07,27,3.1,,-0.2,4.8,44,.597,.519,$6750000,Amateur Draft
88,Danny Burawa\burawda01,26,2TM,13.0,13,0,9,6.23,4.31,-0.13,-0.31,97.5,4.03,-3,-0.2,.46,0.1,0.0,-2,.483,.500,,Waivers
89,Enrique Burgos\burgoen02,24,ARI,27.0,30,0,15,5.00,4.23,0.29,-0.31,105.9,3.85,-3,-0.4,1.12,-0.1,-0.2,-1,.488,.498,,Amateur Free Agent
90,A.J. Burnett\burnea.01,38,PIT,164.0,26,26,64,3.51,4.14,0.14,0.16,99.6,4.14,12,1.4,,-0.1,2.7,25,.553,.508,$8500000,Free Agency
91,Eddie Butler\butleed01,24,COL,79.1,16,16,57,6.47,4.27,-0.14,0.17,112.4,5.15,-11,-1.2,,-0.1,-0.5,-5,.428,.493,$509500,Amateur Draft
92,Cesar Cabral*\cabrace01,26,BAL,1.0,2,0,0,0.00,3.77,0.00,-0.28,112.0,3.92,0,0.0,.31,0.0,0.0,1,.523,.500,,Free Agency
93,Trevor Cahill\cahiltr01,27,2TM,43.1,26,3,27,5.61,4.10,-0.07,-0.17,96.8,3.87,-8,-0.8,.69,0.1,-0.3,-5,.469,.497,$12000000,Traded
94,Matt Cain\cainma01,30,SFG,60.2,13,11,39,5.79,4.14,0.20,0.14,95.2,3.89,-13,-1.2,.21,0.0,-0.7,-8,.404,.492,$21000000,Amateur Draft
95,Arquimedes Caminero\caminar01,28,PIT,74.2,73,0,31,3.74,4.13,0.13,-0.30,97.8,3.62,-1,-0.1,.99,-0.2,0.4,5,.499,.500,$515500,Purchased
96,Leonel Campos\campole01,27,SDP,1.0,1,0,1,9.00,4.01,-0.09,-0.29,102.0,3.88,-1,-0.1,.02,0.0,0.0,0,.442,.500,,Amateur Free Agent
97,Carter Capps\cappsca01,24,MIA,31.0,30,0,5,1.45,4.26,0.12,-0.31,99.8,3.83,8,0.9,1.38,0.1,1.3,11,.531,.506,,Traded
98,Chris Capuano*\capuach01,36,NYY,40.2,22,4,38,8.41,4.37,-0.27,-0.16,98.8,4.43,-18,-1.8,.39,0.3,-1.1,-14,.417,.489,$5000000,Purchased
99,Buddy Carlyle\carlybu01,37,NYM,8.0,11,0,5,5.63,4.00,-0.02,-0.29,92.3,3.44,-2,-0.2,1.67,-0.1,-0.2,-1,.481,.499,$725000,Free Agency
100,David Carpenter\carpeda01,29,2TM,24.2,30,0,12,4.38,4.48,-0.24,-0.33,98.5,4.32,0,0.0,.85,0.0,0.2,2,.499,.499,$1300000,Traded
101,David Carpenter\carpeda02,27,ATL,3.2,4,0,3,7.36,3.47,-0.13,-0.25,135.9,4.56,-1,-0.1,1.20,0.0,-0.1,-1,.470,.499,,Free Agency
102,Carlos Carrasco\carraca01,28,CLE,183.2,30,30,75,3.68,4.38,0.11,0.17,105.6,4.68,19,2.1,,-0.1,3.8,38,.570,.513,$2337500,Traded
103,Scott Carroll\carrosc02,30,CHW,36.2,18,0,19,4.66,4.43,-0.08,-0.33,97.2,4.06,-3,-0.3,.39,0.0,0.1,1,.483,.498,,Free Agency
104,Andrew Cashner\cashnan01,28,SDP,184.2,31,31,111,5.41,4.23,-0.10,0.17,93.5,4.21,-24,-2.4,,-0.1,-0.9,-9,.422,.485,$4050000,Traded
105,Santiago Casilla\garcija01,34,SFG,58.0,67,0,19,2.95,4.23,0.16,-0.31,97.7,3.67,5,0.5,1.63,0.0,1.1,10,.508,.503,$5000000,Free Agency
106,Angel Castro\castran01,32,OAK,4.0,5,0,1,2.25,4.32,-0.02,-0.32,95.1,3.82,1,0.1,.55,0.0,0.1,1,.514,.500,,Free Agency
107,Miguel Castro\castrmi01,20,2TM,17.2,18,0,13,6.62,4.34,0.04,-0.32,104.6,4.18,-5,-0.5,1.23,0.0,-0.3,-3,.472,.499,,Traded
108,Simon Castro\castrsi01,27,COL,10.1,11,0,7,6.10,4.56,-0.12,-0.33,118.1,5.14,-1,-0.1,.49,0.0,0.0,0,.490,.499,,Free Agency
109,Brett Cecil*\cecilbr01,28,TOR,54.1,63,0,17,2.82,4.35,0.08,-0.32,98.3,3.88,6,0.6,1.20,-0.1,1.1,12,.510,.504,$2475000,Amateur Draft
110,Xavier Cedeno*\cedenxa01,28,2TM,46.0,66,0,13,2.54,4.45,0.10,-0.33,99.9,4.03,7,0.8,1.33,0.0,1.2,12,.512,.505,$516500,Purchased
111,Jhoulys Chacin\chacijh01,27,ARI,26.2,5,4,11,3.71,4.35,0.35,0.12,101.4,4.17,1,0.2,1.20,0.0,0.4,4,.532,.501,,Free Agency
112,Andrew Chafin*\chafian01,25,ARI,75.0,66,0,23,2.76,4.28,0.34,-0.31,103.6,3.76,9,1.0,1.35,0.0,1.6,15,.514,.506,$507500,Amateur Draft
113,Joba Chamberlain\chambjo03,29,2TM,27.2,36,0,20,6.51,4.24,0.06,-0.31,99.8,3.86,-8,-0.9,1.17,-0.1,-0.7,-6,.475,.497,$1000000,Free Agency
114,Aroldis Chapman*\chapmar01,27,CIN,66.1,65,0,13,1.76,4.11,-0.02,-0.30,101.0,3.87,16,1.7,1.59,0.4,2.7,21,.527,.511,$8050000,Amateur Free Agent
115,Kevin Chapman*\chapmke02,27,HOU,5.1,3,0,2,3.38,4.40,0.08,-0.32,100.0,4.00,0,0.0,.81,0.0,0.1,1,.511,.500,,Traded
116,Jesse Chavez\chaveje01,31,OAK,157.0,30,26,78,4.47,4.51,-0.02,0.15,99.0,4.63,1,0.1,.43,-0.1,1.6,18,.504,.501,$2150000,Purchased
117,Bruce Chen*\chenbr01,38,CLE,6.1,2,2,9,12.79,4.15,0.21,0.16,111.3,4.56,-6,-0.5,,0.0,-0.4,-5,.261,.497,,Free Agency
118,Wei-Yin Chen*\chenwe02,29,BAL,191.1,31,31,78,3.67,4.32,0.01,0.17,103.3,4.62,18,2.1,,-0.1,3.8,38,.567,.513,$4750000,Amateur Free Agent
119,Randy Choate*\choatra01,39,STL,27.1,71,0,14,4.61,5.10,0.12,-0.37,100.7,4.65,0,0.0,1.19,-0.1,0.2,2,.500,.500,$3000000,Free Agency
120,Tony Cingrani*\cingrto01,25,CIN,33.1,35,1,21,5.67,4.14,-0.02,-0.26,101.1,3.93,-6,-0.7,1.38,-0.2,-0.6,-4,.481,.496,$525500,Amateur Draft
121,Steve Cishek\cishest01,29,2TM,55.1,59,0,26,4.23,4.15,0.17,-0.30,99.0,3.64,-3,-0.4,1.12,-0.3,-0.1,1,.494,.499,$6650000,Amateur Draft
122,Alex Claudio*\claudal01,23,TEX,15.2,18,0,6,3.45,4.33,0.01,-0.32,107.5,4.31,1,0.1,1.18,0.0,0.3,3,.508,.501,$508500,Amateur Draft
123,Tyler Clippard\clippty01,30,2TM,71.0,69,0,25,3.17,4.22,-0.02,-0.31,98.1,3.86,5,0.6,1.50,0.0,1.3,12,.508,.502,$8300001,Traded
124,Phil Coke*\cokeph01,32,2TM,12.2,18,0,8,5.68,4.12,0.10,-0.30,107.3,3.99,-2,-0.3,.87,0.0,-0.2,-1,.486,.498,$2250000,Free Agency
125,A.J. Cole\coleaj01,23,WSN,9.1,3,1,11,10.61,4.16,-0.13,-0.20,96.0,3.93,-7,-0.6,.13,0.2,-0.3,-6,.299,.496,,Traded
126,Gerrit Cole\colege01,24,PIT,208.0,32,32,71,3.07,4.15,0.13,0.16,97.7,4.09,24,2.8,,-0.2,4.5,41,.588,.517,$531000,Amateur Draft
127,Louis Coleman\colemlo01,29,KCR,3.0,4,0,0,0.00,4.19,0.21,-0.31,106.0,3.89,1,0.1,.55,0.0,0.1,2,.535,.501,$725000,Amateur Draft
128,Josh Collmenter\collmjo01,29,ARI,121.0,44,12,53,3.94,4.17,0.40,-0.04,106.8,3.99,1,0.1,.46,-0.2,1.0,11,.503,.501,$1400000,Amateur Draft
129,Alex Colome\colomal01,26,TBR,109.2,43,13,50,4.10,4.34,0.12,-0.01,98.7,4.15,-1,-0.1,1.39,-0.1,0.9,11,.499,.500,$510800,Amateur Free Agent
130,Bartolo Colon\colonba01,42,NYM,194.2,33,31,94,4.35,4.10,-0.02,0.16,94.8,4.06,-5,-0.6,.72,-0.1,1.0,10,.482,.496,$11000000,Free Agency
131,Adam Conley*\conlead01,25,MIA,67.0,15,11,28,3.76,4.12,0.21,0.11,97.4,3.92,1,0.2,.61,-0.1,0.7,7,.510,.501,,Amateur Draft
132,Carlos Contreras\contrca01,24,CIN,28.0,22,0,16,5.14,4.23,-0.02,-0.31,99.2,3.92,-4,-0.4,.58,0.0,-0.1,-1,.482,.498,,Amateur Free Agent
133,Ryan Cook\cookry01,28,2TM,8.2,9,0,19,19.73,4.47,-0.05,-0.33,105.4,4.42,-15,-1.3,.90,0.2,-1.1,-14,.353,.496,$1400000,Traded
134,Tim Cooney*\cooneti01,24,STL,31.1,6,6,12,3.45,4.34,0.11,0.17,100.7,4.43,4,0.4,,0.0,0.7,6,.568,.503,,Amateur Draft
135,Scott Copeland\copelsc01,27,TOR,15.1,5,3,11,6.46,4.30,0.13,0.07,96.6,4.10,-4,-0.4,.08,0.0,-0.2,-3,.417,.497,,Free Agency
136,Patrick Corbin*\corbipa01,25,ARI,85.0,16,16,34,3.60,4.15,0.36,0.17,103.9,4.11,5,0.6,,-0.1,1.3,12,.536,.504,$524000,Traded
137,Erik Cordier\cordier01,29,MIA,12.1,8,0,8,5.84,4.30,0.24,-0.31,98.9,3.71,-3,-0.3,.38,0.1,-0.1,-2,.462,.498,,Free Agency
138,John Cornely\cornejo01,26,ATL,1.0,1,0,4,36.00,4.01,-0.20,-0.29,92.0,3.61,-4,-0.3,.01,0.1,-0.1,-4,.222,.498,,Amateur Draft
139,Kevin Correia\correke01,34,PHI,23.1,5,5,23,8.87,4.24,-0.51,0.17,97.8,4.81,-10,-0.9,,0.0,-0.7,-9,.313,.494,,Free Agency
140,Jarred Cosart\cosarja01,25,MIA,69.2,14,13,35,4.52,4.29,0.22,0.14,97.0,4.09,-3,-0.3,.27,-0.1,0.2,2,.477,.498,$540000,Traded
141,Caleb Cotham\cothaca01,27,NYY,9.2,12,0,7,6.52,5.00,-0.28,-0.37,99.6,4.89,-2,-0.2,.61,0.0,-0.1,-1,.484,.499,,Amateur Draft
142,Neal Cotts*\cottsne01,35,2TM,63.1,68,0,26,3.69,4.24,-0.03,-0.31,102.1,4.05,3,0.3,.63,-0.3,0.6,8,.504,.502,$3000000,Free Agency
143,Danny Coulombe*\couloda01,25,2TM,16.0,14,0,10,5.63,4.34,0.01,-0.32,94.3,3.79,-3,-0.3,.69,0.1,-0.1,-2,.476,.499,,Amateur Draft
144,Tyler Cravy\cravyty01,25,MIL,42.2,14,7,30,6.33,4.02,-0.02,0.05,101.3,4.15,-10,-1.0,.90,0.0,-0.7,-7,.426,.494,,Amateur Draft
145,Kyle Crockett*\crockky01,23,CLE,17.2,31,0,9,4.58,4.63,0.13,-0.34,107.9,4.49,0,0.0,.65,0.0,0.1,1,.499,.500,$510900,Amateur Draft
146,Johnny Cueto\cuetojo01,29,2TM,212.0,32,32,87,3.69,4.24,0.09,0.17,102.8,4.44,17,2.1,,-0.1,3.9,36,.566,.508,$10000000,Amateur Free Agent
147,Brandon Cunniff\cunnibr02,26,ATL,35.0,39,0,20,5.14,4.46,-0.11,-0.32,94.9,4.02,-4,-0.5,1.19,-0.1,-0.3,-1,.488,.497,,Free Agency
148,John Danks*\danksjo01,30,CHW,177.2,30,30,104,5.27,4.39,-0.08,0.17,97.9,4.54,-16,-1.7,,-0.1,0.0,2,.445,.490,$15750000,Traded
149,Kyle Davies\davieky01,31,NYY,2.1,1,0,0,0.00,4.14,-0.29,-0.30,96.0,3.96,1,0.1,.00,-0.1,0.1,1,.616,.501,,Free Agency
150,Zach Davies\davieza02,22,MIL,34.0,6,6,14,3.71,4.27,-0.02,0.17,97.2,4.34,3,0.3,,0.0,0.6,5,.547,.502,,Traded
151,Ike Davis*\davisik02,28,OAK,2.0,2,0,0,0.00,4.52,-0.02,-0.33,98.5,4.14,1,0.1,.00,-0.1,0.1,1,.550,.501,$3800000,Purchased
152,Wade Davis\daviswa01,29,KCR,67.1,69,0,8,1.07,4.29,0.18,-0.32,103.4,3.92,21,2.3,1.54,0.5,3.4,28,.533,.514,$7000000,Traded
153,Justin De Fratus\defraju01,27,PHI,80.0,61,0,52,5.85,4.27,-0.41,-0.31,100.8,4.40,-13,-1.3,.60,0.1,-0.5,-6,.478,.492,$528000,Amateur Draft
154,Jorge De La Rosa*\rosajo01,34,COL,149.0,26,26,73,4.41,4.30,-0.11,0.17,114.2,5.24,14,1.6,,-0.1,2.8,26,.562,.510,$12500000,Free Agency
155,Rubby De La Rosa\delarru01,26,ARI,188.2,32,32,103,4.91,4.23,0.37,0.17,103.5,4.17,-15,-1.6,,-0.1,0.0,0,.451,.490,$516000,Traded
156,Abel De Los Santos\delosab01,22,WSN,1.2,2,0,1,5.40,4.50,-0.08,-0.33,99.8,4.24,0,0.0,.07,0.0,0.0,0,.489,.500,,Traded
157,Jose De Paula*\depaujo02,27,NYY,3.1,1,0,1,2.70,4.37,-0.22,-0.32,96.0,4.10,0,0.1,.01,0.0,0.1,1,.554,.500,,Free Agency
158,Jaff Decker*\deckeja01,25,PIT,1.0,1,0,0,0.00,4.00,0.22,-0.29,102.0,3.56,0,0.0,.00,0.0,0.0,0,.545,.500,$510000,Traded
159,Sam Deduno\dedunsa01,31,HOU,21.0,9,2,16,6.86,4.29,0.13,-0.12,100.6,4.07,-7,-0.7,.68,0.0,-0.4,-5,.425,.496,$525100,Waivers
160,Jacob deGrom\degroja01,27,NYM,191.0,30,30,59,2.78,4.11,-0.02,0.16,94.0,4.03,27,3.2,,-0.1,4.7,42,.606,.520,$556875,Amateur Draft
161,Steve Delabar\delabst01,31,TOR,29.1,31,0,19,5.83,4.35,0.09,-0.32,99.0,3.90,-7,-0.7,.94,0.0,-0.4,-4,.478,.496,,Traded
162,Randall Delgado\delgara01,25,ARI,72.0,64,1,28,3.50,4.34,0.33,-0.30,104.4,3.87,3,0.4,1.17,-0.1,0.9,9,.506,.502,$526000,Traded
163,Chris Denorfia\denorch01,34,CHC,0.1,1,0,0,0.00,4.16,0.08,-0.30,100.0,3.78,0,0.0,.00,0.0,0.0,0,.516,.500,$2600000,Free Agency
164,Anthony DeSclafani\desclan01,25,CIN,184.2,31,31,93,4.53,4.10,-0.03,0.16,102.7,4.41,-2,-0.2,,-0.1,1.3,13,.493,.499,$507500,Traded
165,Odrisamer Despaigne\despaod01,28,SDP,125.2,34,18,82,5.87,4.20,-0.11,0.07,94.7,4.16,-23,-2.4,.41,0.0,-1.3,-13,.430,.485,$517300,Amateur Free Agent
166,Ross Detwiler*\detwiro01,29,2TM,58.1,41,7,51,7.87,4.50,-0.03,-0.04,101.2,4.55,-22,-2.2,.96,-0.1,-1.7,-16,.446,.494,$3450000,Free Agency
167,Jairo Diaz\diazja01,24,COL,19.0,21,0,6,2.84,4.41,-0.11,-0.32,118.9,4.99,5,0.5,1.17,0.0,0.7,6,.524,.503,,Traded
168,Jumbo Diaz\diazju03,31,CIN,60.1,61,0,29,4.33,4.15,-0.02,-0.30,101.8,3.94,-2,-0.3,1.13,-0.2,0.1,2,.496,.498,$510000,Free Agency
169,R.A. Dickey\dicker.01,40,TOR,214.1,33,33,97,4.07,4.32,0.10,0.17,98.1,4.30,3,0.4,,-0.1,2.3,26,.511,.502,$12000000,Traded
170,Jake Diekman*\diekmja01,28,2TM,58.1,67,0,28,4.32,4.30,-0.22,-0.31,102.8,4.32,0,0.0,.98,0.0,0.6,5,.500,.499,$535500,Amateur Draft
171,Jose Dominguez\dominjo01,24,TBR,5.2,4,0,0,0.00,5.16,0.09,-0.38,96.0,4.50,3,0.3,.28,-0.1,0.2,3,.579,.502,,Traded
172,Sean Doolittle*\doolise01,28,OAK,13.2,12,0,6,3.95,4.42,-0.02,-0.33,97.2,3.99,0,0.0,1.12,0.0,0.1,1,.499,.500,$780000,Amateur Draft
173,Felix Doubront*\doubrfe01,27,2TM,75.1,16,12,50,5.97,4.53,0.02,0.08,98.5,4.52,-13,-1.3,.68,0.0,-0.6,-5,.419,.496,,Purchased
174,Kyle Drabek\drabeky01,27,CHW,5.1,3,0,3,5.06,4.37,-0.09,-0.32,99.5,4.11,-1,-0.1,.03,0.0,0.0,0,.478,.500,$518200,Waivers
175,Oliver Drake\drakeol01,28,BAL,15.2,13,0,7,4.02,4.52,0.01,-0.33,102.9,4.29,0,0.0,.55,0.0,0.2,2,.503,.500,,Free Agency
176,Brian Duensing*\duensbr01,32,MIN,48.2,55,0,24,4.44,4.35,-0.08,-0.32,104.1,4.27,-1,-0.2,1.17,-0.1,0.2,4,.497,.499,$2700000,Amateur Draft
177,Tyler Duffey\duffety01,24,MIN,58.0,10,10,20,3.10,4.29,-0.07,0.17,103.3,4.67,10,1.1,,0.0,1.6,16,.610,.507,,Amateur Draft
178,Danny Duffy*\duffyda01,26,KCR,136.2,30,24,64,4.21,4.42,0.25,0.14,102.9,4.44,2,0.2,.73,-0.1,1.5,16,.507,.501,$2425000,Amateur Draft
179,Zach Duke*\dukeza01,32,CHW,60.2,71,0,26,3.86,4.37,-0.06,-0.32,97.8,4.02,0,0.0,1.48,-0.1,0.5,7,.501,.500,$4500000,Free Agency
180,Ryan Dull\dullry01,25,OAK,17.0,13,0,8,4.24,4.49,-0.02,-0.33,98.1,4.10,0,0.0,1.32,0.0,0.1,1,.496,.500,,Amateur Draft
181,Mike Dunn*\dunnmi01,30,MIA,54.0,72,0,27,4.50,4.30,0.18,-0.31,97.7,3.72,-4,-0.5,1.50,-0.3,-0.2,0,.493,.497,$2350000,Traded
182,Sam Dyson\dysonsa01,27,2TM,75.1,75,0,26,3.11,4.38,0.12,-0.32,100.5,3.96,7,0.8,1.17,0.0,1.5,14,.510,.502,$507500,Waivers
183,Carl Edwards\edwarca01,23,CHC,4.2,5,0,3,5.79,4.03,0.08,-0.29,101.7,3.71,-1,-0.1,.28,0.0,0.0,-1,.477,.499,,Traded
184,Jon Edwards\edwarjo02,27,2TM,16.2,22,0,8,4.32,4.43,-0.04,-0.32,96.6,4.01,-1,-0.1,.72,-0.1,0.0,1,.497,.500,$508500,Traded
185,Jerad Eickhoff\eickhje01,24,PHI,51.0,8,8,16,2.82,4.33,-0.36,0.17,100.2,4.87,12,1.4,,0.0,1.8,16,.679,.509,,Traded
186,Roenis Elias*\eliasro01,26,SEA,115.1,22,20,57,4.45,4.21,-0.35,0.16,94.2,4.45,-1,-0.1,.43,-0.1,0.9,11,.494,.499,,Amateur Free Agent
187,Brian Ellington\ellinbr02,24,MIA,25.0,23,0,10,3.60,4.15,0.20,-0.30,98.7,3.60,0,0.0,.72,-0.1,0.2,2,.500,.500,,Amateur Draft
188,Jake Elmore\elmorja01,28,TBR,1.0,1,0,1,9.00,4.21,0.24,-0.31,96.0,3.52,-1,-0.1,.00,0.0,0.0,-1,.437,.500,,Free Agency
189,Nathan Eovaldi\eovalna01,25,NYY,154.1,27,27,72,4.20,4.33,-0.27,0.17,98.9,4.71,7,0.8,,-0.1,2.2,23,.529,.505,$3300000,Traded
190,Robbie Erlin*\erlinro01,24,SDP,17.0,3,3,9,4.76,4.23,-0.10,0.17,101.9,4.58,0,0.0,,0.0,0.1,1,.490,.500,,Traded
191,Marco Estrada\estrama01,31,TOR,181.0,34,28,67,3.33,4.32,0.10,0.14,98.3,4.29,17,1.9,.57,-0.1,3.6,36,.557,.512,$3900000,Free Agency
192,Dana Eveland*\evelada01,31,ATL,3.1,10,0,2,5.40,5.09,-0.14,-0.37,98.4,4.78,0,0.0,1.53,0.0,0.0,0,.498,.500,,Free Agency
193,Jeurys Familia\familje01,25,NYM,78.0,76,0,16,1.85,4.07,-0.02,-0.30,93.6,3.55,15,1.7,1.61,0.3,2.7,21,.522,.510,$523925,Amateur Free Agent
194,Buck Farmer\farmebu01,24,DET,40.1,14,5,35,7.81,4.36,0.02,-0.03,101.4,4.37,-16,-1.5,.45,0.1,-1.0,-12,.390,.491,,Amateur Draft
195,Danny Farquhar\farquda01,28,SEA,51.0,43,0,33,5.82,4.40,-0.36,-0.32,94.7,4.20,-10,-1.0,1.08,-0.2,-0.7,-4,.476,.494,$527000,Traded
196,Andrew Faulkner*\faulkan01,22,TEX,9.2,11,0,3,2.79,4.46,0.01,-0.33,101.9,4.20,1,0.2,.63,-0.1,0.2,2,.514,.501,,Amateur Draft
197,Scott Feldman\feldmsc01,32,HOU,108.1,18,18,49,4.07,4.47,0.14,0.17,98.9,4.46,4,0.4,,-0.1,1.4,15,.521,.502,$10000000,Free Agency
198,Michael Feliz\felizmi01,22,HOU,8.0,5,0,7,7.88,4.21,0.13,-0.31,106.2,4.00,-4,-0.4,.02,0.2,-0.1,-3,.429,.498,,Free Agency
199,Neftali Feliz\felizne01,27,2TM,48.0,48,0,34,6.38,4.34,0.01,-0.32,101.3,4.06,-13,-1.3,1.51,-0.3,-1.1,-8,.472,.495,$4125000,Free Agency
200,Jose Fernandez\fernajo02,22,MIA,64.2,11,11,21,2.92,4.13,0.19,0.16,99.5,4.09,9,1.0,,0.0,1.5,14,.591,.506,$651000,Amateur Draft
201,Jeff Ferrell\ferreje01,24,DET,11.1,9,0,8,6.35,4.42,0.02,-0.33,98.4,4.01,-3,-0.3,.11,0.1,-0.1,-2,.465,.498,,Amateur Draft
202,Josh Fields\fieldjo03,29,HOU,50.2,54,0,20,3.55,4.44,0.10,-0.33,100.3,4.03,2,0.2,.91,-0.1,0.6,7,.504,.501,$516700,Rule 5 Draft
203,Casey Fien\fienca01,31,MIN,63.1,62,0,26,3.69,4.41,-0.08,-0.32,104.2,4.34,4,0.4,1.21,-0.1,1.0,11,.507,.503,$1375000,Free Agency
204,Mike Fiers\fiersmi01,30,2TM,180.1,31,30,83,4.14,4.28,0.03,0.16,100.6,4.44,6,0.6,.46,-0.1,2.1,22,.520,.502,$512500,Traded
205,Brandon Finnegan*\finnebr01,22,2TM,48.0,20,4,19,3.56,4.19,0.09,-0.11,102.4,4.08,3,0.3,.81,-0.1,0.6,7,.514,.501,,Traded
206,Doug Fister\fistedo01,31,WSN,103.0,25,15,56,4.89,4.12,-0.13,0.09,100.9,4.37,-6,-0.6,1.07,-0.1,0.2,3,.476,.496,$11400000,Traded
207,Yohan Flande*\flandyo01,29,COL,68.1,19,10,36,4.74,4.28,-0.13,0.03,119.9,5.32,5,0.5,.92,-0.1,1.0,10,.527,.503,,Free Agency
208,Kendry Flores\floreke01,23,MIA,12.2,7,1,8,5.68,4.01,0.24,-0.11,104.3,3.82,-3,-0.3,.47,0.0,-0.1,-2,.461,.498,,Traded
209,Gavin Floyd\floydga01,32,CLE,13.1,7,0,4,2.70,4.35,0.14,-0.32,106.1,4.12,2,0.2,.15,-0.1,0.2,3,.531,.501,$4000000,Free Agency
210,Mike Foltynewicz\foltymi01,23,ATL,86.2,18,15,63,6.54,4.17,-0.14,0.15,96.2,4.29,-21,-2.1,2.45,-0.1,-1.4,-14,.384,.487,$508750,Traded
211,Jeff Francis*\francje01,34,TOR,22.0,14,0,16,6.55,4.29,0.10,-0.32,103.2,3.99,-6,-0.7,.47,0.1,-0.3,-4,.452,.496,,Free Agency
212,Jeff Francoeur\francje02,31,PHI,2.0,1,0,2,9.00,4.30,-0.39,-0.32,106.0,4.64,-1,-0.1,.00,0.0,0.0,-1,.404,.499,$950000,Free Agency
213,Nick Franklin\frankni01,24,TBR,1.0,1,0,2,18.00,4.21,0.24,-0.31,96.0,3.52,-2,-0.2,.00,0.1,-0.1,-2,.350,.499,$1021800,Traded
214,Jason Frasor\frasoja01,37,2TM,28.0,32,0,5,1.61,4.31,0.18,-0.32,101.3,3.86,7,0.7,.99,-0.1,1.0,10,.523,.503,$1250000,Free Agency
215,Sam Freeman*\freemsa01,28,TEX,38.1,54,0,13,3.05,4.61,0.01,-0.34,106.9,4.56,6,0.7,1.05,-0.1,1.0,10,.512,.504,$517000,Traded
216,Carlos Frias\friasca01,25,LAD,77.2,17,13,38,4.40,4.22,0.03,0.13,95.1,4.11,-2,-0.2,.93,-0.1,0.4,4,.486,.498,,Amateur Free Agent
217,Christian Friedrich*\friedch01,27,COL,58.1,68,0,37,5.71,4.33,-0.13,-0.32,120.4,5.00,-4,-0.5,.94,-0.1,-0.1,0,.493,.497,$512500,Amateur Draft
218,Ernesto Frieri\frierer01,29,TBR,23.1,22,0,12,4.63,4.48,0.12,-0.33,98.8,3.98,-2,-0.2,.80,0.0,0.0,1,.491,.499,$800000,Free Agency
219,Kyuji Fujikawa\fujikky01,34,TEX,1.2,2,0,3,16.20,4.13,0.01,-0.30,110.0,4.20,-2,-0.2,.79,0.0,-0.2,-2,.391,.499,$1100000,Free Agency
220,Charlie Furbush*\furbuch01,29,SEA,21.2,33,0,6,2.49,4.52,-0.32,-0.33,94.0,4.24,4,0.4,1.35,0.0,0.7,6,.513,.503,$1300000,Traded
221,Yovani Gallardo\gallayo01,29,TEX,184.1,33,33,76,3.71,4.50,0.01,0.18,103.9,4.85,21,2.4,,-0.1,4.1,41,.574,.515,$14000000,Traded
222,Frank Garces*\garcefr01,25,SDP,38.0,40,1,23,5.45,4.45,-0.10,-0.30,92.2,3.93,-6,-0.7,.55,0.1,-0.3,-3,.483,.496,$508500,Free Agency
223,Jaime Garcia*\garcija02,28,STL,129.2,20,20,37,2.57,4.16,0.11,0.17,100.0,4.22,24,2.9,,-0.1,3.9,35,.645,.518,$9250000,Amateur Draft
224,Jason Garcia\garcija03,22,BAL,29.2,21,0,19,5.76,4.67,0.01,-0.34,103.5,4.46,-5,-0.5,.39,0.1,-0.1,-1,.477,.497,,Purchased
225,Leury Garcia\garcile02,24,CHW,1.0,1,0,0,0.00,4.28,-0.07,-0.32,94.0,3.79,0,0.0,.00,0.0,0.0,1,.546,.500,,Traded
226,Luis Garcia\garcilu03,28,PHI,66.2,72,0,28,3.78,4.28,-0.39,-0.31,101.0,4.40,5,0.5,1.21,-0.1,1.0,10,.507,.503,$509000,Free Agency
227,Yimi Garcia\garciyi01,24,LAD,56.2,59,1,23,3.65,4.21,0.02,-0.29,95.4,3.72,1,0.1,1.19,-0.1,0.5,5,.501,.500,$510000,Amateur Free Agent
228,Matt Garza\garzama01,31,MIL,148.2,26,25,102,6.17,4.08,-0.02,0.15,102.9,4.38,-29,-2.9,2.28,-0.2,-1.7,-17,.390,.482,$12500000,Free Agency
229,Kevin Gausman\gausmke01,24,BAL,112.1,25,17,56,4.49,4.57,0.01,0.12,102.1,4.78,3,0.3,.74,-0.1,1.3,14,.511,.502,$522000,Amateur Draft
230,Cory Gearrin\gearrco01,29,SFG,3.2,7,0,2,4.91,4.72,0.11,-0.34,91.7,3.92,0,0.0,1.01,0.0,0.0,0,.494,.500,,Free Agency
231,Dillon Gee\geedi01,29,NYM,39.2,8,7,29,6.58,4.11,-0.02,0.14,89.8,3.85,-12,-1.1,.14,0.0,-0.8,-9,.359,.493,$5300000,Amateur Draft
232,Steve Geltz\geltzst01,27,TBR,67.1,70,2,31,4.14,4.57,0.11,-0.31,98.2,4.08,-1,-0.1,1.32,-0.2,0.4,6,.498,.499,,Traded
233,Gonzalez Germen\germego01,27,2TM,38.2,35,1,19,4.42,4.31,-0.09,-0.28,118.1,4.89,2,0.3,.80,-0.1,0.5,5,.507,.502,,Waivers
234,Kyle Gibson\gibsoky01,27,MIN,194.2,32,32,88,4.07,4.39,-0.07,0.17,102.7,4.76,13,1.4,,-0.1,3.2,33,.545,.509,$537500,Amateur Draft
235,Ken Giles\gileske01,24,PHI,70.0,69,0,23,2.96,4.29,-0.34,-0.31,100.5,4.34,11,1.2,1.40,0.1,1.9,17,.518,.507,$519000,Amateur Draft
236,Sean Gilmartin*\gilmase01,25,NYM,57.1,50,1,17,2.67,4.20,-0.02,-0.26,95.1,3.76,7,0.8,.74,-0.2,1.1,12,.516,.505,,Rule 5 Draft
237,Mychal Givens\givenmy01,25,BAL,30.0,22,0,7,2.10,4.47,0.01,-0.33,104.0,4.30,7,0.8,.90,-0.1,1.0,10,.535,.505,,Amateur Draft
238,Zack Godley\godleza01,25,ARI,36.2,9,6,13,3.19,4.27,0.31,0.08,100.0,4.04,4,0.4,.74,-0.1,0.7,7,.545,.503,,Traded
239,Erik Goeddel\goedder01,26,NYM,33.1,35,0,9,2.43,4.20,-0.02,-0.31,93.3,3.65,5,0.5,.77,-0.1,0.7,7,.515,.503,$509125,Amateur Draft
240,David Goforth\goforda01,26,MIL,24.2,20,0,13,4.74,4.09,-0.02,-0.30,102.2,3.90,-2,-0.2,.31,0.0,0.0,0,.488,.499,,Amateur Draft
241,Brandon Gomes\gomesbr01,30,TBR,59.0,63,0,28,4.27,4.53,0.13,-0.33,98.2,4.00,-2,-0.3,1.33,-0.2,0.2,4,.496,.498,,Traded
242,Jonny Gomes\gomesjo01,34,ATL,1.0,1,0,2,18.00,4.61,-0.20,-0.33,92.0,4.11,-2,-0.1,.00,0.1,-0.1,-1,.355,.499,$4000000,Free Agency
243,Jeanmar Gomez\gomezje01,27,PHI,74.2,65,0,28,3.38,4.26,-0.43,-0.31,99.5,4.36,8,0.9,.81,-0.3,1.3,14,.514,.506,$800000,Free Agency
244,Marco Gonzales*\gonzama02,23,STL,2.2,1,1,4,13.50,4.01,0.20,0.16,102.0,4.05,-3,-0.2,,0.0,-0.2,-3,.267,.499,,Amateur Draft
245,Chi Chi Gonzalez\gonzach01,23,TEX,67.0,14,10,33,4.43,4.52,0.01,0.13,106.3,4.92,3,0.3,1.00,0.0,0.9,10,.523,.502,,Amateur Draft
246,Gio Gonzalez*\gonzagi01,29,WSN,175.2,31,31,79,4.05,4.26,-0.11,0.17,101.8,4.62,12,1.3,,-0.1,2.8,26,.543,.508,$11000000,Traded
247,Miguel Gonzalez\gonzami03,31,BAL,144.2,26,26,81,5.04,4.41,0.01,0.17,102.9,4.70,-7,-0.7,,-0.1,0.6,8,.472,.495,$3275000,Free Agency
248,Severino Gonzalez\gonzase01,22,PHI,30.2,7,7,27,7.92,4.19,-0.44,0.17,101.9,4.88,-10,-1.0,,0.0,-0.7,-8,.361,.494,,Amateur Free Agent
249,Nick Goody\goodyni01,23,NYY,5.2,7,0,3,4.76,4.36,-0.27,-0.32,100.9,4.35,0,0.0,.27,0.0,0.0,0,.495,.500,,Amateur Draft
250,Tom Gorzelanny*\gorzeto01,32,DET,39.1,48,0,28,6.41,4.39,0.02,-0.32,99.5,4.03,-11,-1.1,.74,0.1,-0.7,-7,.476,.493,$1000000,Free Agency
251,Trevor Gott\gotttr01,22,LAA,47.2,48,0,18,3.40,4.37,0.10,-0.32,95.0,3.76,1,0.2,1.32,-0.1,0.6,6,.503,.501,,Traded
252,Matt Grace*\gracema02,26,WSN,17.0,26,0,11,5.82,4.51,-0.13,-0.33,101.3,4.36,-3,-0.3,1.41,-0.1,-0.2,-1,.489,.498,,Amateur Draft
253,J.R. Graham\grahajr01,25,MIN,63.2,39,1,41,5.80,4.38,-0.07,-0.29,103.8,4.33,-11,-1.2,.48,0.1,-0.4,-4,.470,.493,,Rule 5 Draft
254,Kendall Graveman\graveke01,24,OAK,115.2,21,21,57,4.44,4.42,-0.02,0.17,100.1,4.62,1,0.1,,-0.1,1.2,13,.506,.501,$507500,Traded
255,Jon Gray\grayjo02,23,COL,40.2,9,9,26,5.75,4.51,-0.12,0.18,116.5,5.61,0,-0.1,,0.0,0.3,3,.494,.500,,Amateur Draft
256,Sonny Gray\grayso01,25,OAK,208.0,31,31,71,3.07,4.43,-0.02,0.17,99.7,4.60,33,3.9,,-0.1,5.8,55,.625,.524,$512500,Amateur Draft
257,Shane Greene\greensh02,26,DET,83.2,18,16,67,7.21,4.21,0.02,0.15,98.9,4.30,-28,-2.6,.18,0.0,-1.8,-19,.355,.484,$515000,Traded
258,Nick Greenwood*\greenni02,27,STL,0.0,1,0,2,,,,,,,,,,0.0,,,,,,Traded
259,Luke Gregerson\gregelu01,31,HOU,61.0,64,0,24,3.54,4.41,0.11,-0.32,99.2,3.94,2,0.2,1.51,-0.1,0.8,9,.504,.501,$6000000,Free Agency
260,Kevin Gregg\greggke01,37,CIN,10.2,11,0,12,10.13,4.04,-0.02,-0.29,99.5,3.75,-8,-0.8,1.01,0.0,-0.7,-7,.430,.495,$1500000,Free Agency
261,Zack Greinke\greinza01,31,LAD,222.2,32,32,43,1.74,4.24,0.02,0.17,94.7,4.15,61,7.5,,-0.2,9.3,78,.734,.546,$25000000,Free Agency
262,Jason Grilli\grillja01,38,ATL,33.2,36,0,13,3.48,4.36,-0.10,-0.32,95.4,3.96,2,0.2,1.95,0.0,0.5,5,.506,.501,$4250000,Free Agency
263,Justin Grimm\grimmju01,26,CHC,49.2,62,0,18,3.26,4.19,0.07,-0.30,99.6,3.80,3,0.3,1.18,-0.1,0.7,7,.506,.502,$531500,Traded
264,Mayckol Guaipe\guaipma01,24,SEA,26.2,21,0,19,6.41,4.27,-0.37,-0.31,98.8,4.27,-7,-0.7,1.24,-0.1,-0.6,-4,.467,.496,,Amateur Free Agent
265,Deolis Guerra\guerrde01,26,PIT,16.2,10,0,12,6.48,4.16,0.14,-0.30,99.2,3.68,-5,-0.5,.77,0.0,-0.4,-4,.447,.497,,Free Agency
266,Javy Guerra\guerrja01,29,CHW,1.2,3,0,0,0.00,4.30,-0.08,-0.32,102.6,4.17,1,0.1,.91,0.0,0.1,1,.528,.501,$937500,Waivers
267,Junior Guerra\guerrju02,30,CHW,4.0,3,0,3,6.75,4.18,-0.08,-0.31,98.8,3.91,-1,-0.1,.24,0.0,-0.1,-1,.455,.499,,Free Agency
268,Preston Guilmet\guilmpr01,27,2TM,7.1,5,0,9,11.05,4.36,0.08,-0.32,97.6,3.86,-6,-0.5,.23,0.2,-0.3,-5,.396,.499,,Waivers
269,Jason Gurka*\gurkaja01,27,COL,7.2,9,0,8,9.39,4.47,-0.15,-0.33,124.4,5.35,-3,-0.4,.20,0.1,-0.2,-3,.460,.498,,Free Agency
270,Jeremy Guthrie\guthrje01,36,KCR,148.1,30,24,101,6.13,4.21,0.28,0.11,103.6,4.18,-34,-3.3,.30,0.0,-1.8,-18,.391,.480,$9000000,Traded
271,Nick Hagadone*\hagadni01,29,CLE,27.1,36,0,16,5.27,4.75,0.14,-0.35,107.0,4.56,-2,-0.3,.87,0.0,0.0,0,.493,.498,$517100,Traded
272,Jesse Hahn\hahnje01,25,OAK,96.2,16,16,46,4.28,4.39,-0.02,0.17,98.6,4.52,2,0.2,,-0.1,1.1,12,.510,.501,$507500,Traded
273,David Hale\haleda02,27,COL,78.1,17,12,56,6.43,4.32,-0.13,0.11,125.6,5.73,-6,-0.6,.82,-0.1,0.0,0,.464,.496,,Traded
274,Cody Hall\hallco01,27,SFG,8.1,7,0,6,6.48,4.05,0.20,-0.29,104.4,3.72,-3,-0.3,.54,0.0,-0.2,-2,.462,.498,,Amateur Draft
275,Cole Hamels*\hamelco01,31,2TM,212.1,32,32,88,3.73,4.24,-0.21,0.17,102.5,4.73,23,2.7,,-0.1,4.5,42,.583,.509,$23500000,Amateur Draft
276,Jason Hammel\hammeja01,32,CHC,170.2,31,31,79,4.17,4.18,0.09,0.17,101.5,4.31,3,0.4,,-0.1,1.8,17,.512,.502,$9000000,Free Agency
277,Brad Hand*\handbr01,25,MIA,93.1,38,12,55,5.30,4.18,0.23,-0.02,98.0,3.85,-15,-1.5,.51,0.0,-0.7,-7,.459,.490,$520000,Amateur Draft
278,Donovan Hand\handdo01,29,CIN,3.0,1,0,0,0.00,4.17,-0.02,-0.30,102.0,3.96,1,0.2,2.27,0.1,0.3,2,.660,.501,,Free Agency
279,J.A. Happ*\happja01,32,2TM,172.0,32,31,71,3.72,4.19,-0.20,0.16,96.6,4.38,12,1.5,.60,-0.1,3.0,28,.546,.502,$6700000,Traded
280,Aaron Harang\haranaa01,37,PHI,172.1,29,29,100,5.22,4.12,-0.43,0.16,102.5,4.83,-7,-0.7,,-0.1,0.7,7,.475,.496,$5000000,Free Agency
281,Blaine Hardy*\hardybl01,28,DET,61.1,70,0,23,3.38,4.39,0.02,-0.32,99.3,4.02,4,0.4,1.17,-0.1,0.9,10,.506,.503,,Free Agency
282,Dan Haren\harenda01,34,2TM,187.1,32,32,79,3.80,4.18,0.18,0.17,97.7,4.07,6,0.7,,-0.1,2.2,21,.523,.503,$10000000,Traded
283,Mitch Harris\harrimi03,29,STL,27.0,26,0,14,4.67,4.17,0.13,-0.30,102.2,3.82,-2,-0.3,.56,0.0,0.0,0,.490,.498,,Amateur Draft
284,Will Harris\harriwi10,30,HOU,71.0,68,0,18,2.28,4.41,0.11,-0.32,99.1,3.95,12,1.4,1.46,0.1,2.2,20,.520,.508,$513900,Waivers
285,Matt Harrison*\harrima01,29,TEX,16.0,3,3,12,6.75,4.17,0.01,0.16,119.7,5.18,-3,-0.3,,0.0,-0.1,-1,.403,.498,,Traded
286,Matt Harvey\harvema01,26,NYM,189.1,29,29,62,2.95,4.17,-0.02,0.17,93.0,4.05,24,2.8,,-0.1,4.3,39,.596,.517,$614125,Amateur Draft
287,Chris Hatcher\hatchch02,30,LAD,39.0,49,0,19,4.38,4.43,0.02,-0.32,94.0,3.83,-2,-0.2,1.32,-0.1,0.0,1,.495,.499,$522500,Traded
288,Marcus Hatley\hatlema01,27,STL,1.1,2,0,0,0.00,4.06,0.09,-0.30,101.1,3.71,1,0.1,.54,0.0,0.1,1,.531,.500,,Free Agency
289,LaTroy Hawkins\hawkila01,42,2TM,38.2,42,0,16,3.72,4.26,-0.02,-0.31,109.9,4.37,3,0.3,.91,-0.1,0.6,6,.507,.501,$2250000,Free Agency
290,Andrew Heaney*\heanean01,24,LAA,105.2,18,18,41,3.49,4.32,0.09,0.17,94.7,4.16,7,0.8,,-0.1,1.7,18,.542,.505,,Traded
291,Jeremy Hellickson\hellije01,28,ARI,146.0,27,27,79,4.87,4.33,0.38,0.17,100.7,4.15,-11,-1.2,,-0.1,0.0,1,.457,.493,$4275000,Traded
292,Heath Hembree\hembrhe01,26,BOS,25.1,22,0,10,3.55,4.68,-0.05,-0.34,106.5,4.66,3,0.3,.50,-0.1,0.4,6,.514,.502,$509500,Traded
293,Kyle Hendricks\hendrky01,25,CHC,180.0,32,32,82,4.10,4.16,0.09,0.17,100.0,4.23,3,0.4,,-0.1,1.8,18,.511,.502,$510000,Traded
294,Liam Hendriks\hendrli01,26,TOR,64.2,58,0,23,3.20,4.30,0.09,-0.32,99.5,3.88,4,0.5,.83,-0.2,0.9,11,.508,.503,$518400,Waivers
295,David Hernandez\hernada01,30,ARI,33.2,40,0,18,4.81,4.19,0.34,-0.30,104.6,3.70,-4,-0.4,.83,0.0,-0.2,-1,.489,.497,$2000000,Traded
296,Felix Hernandez\hernafe02,29,SEA,201.2,31,31,80,3.57,4.46,-0.34,0.17,93.9,4.67,22,2.5,,-0.1,4.4,44,.582,.516,$24857000,Amateur Free Agent
297,Roberto Hernandez\carmofa01,34,HOU,84.2,20,11,48,5.10,4.66,0.14,0.07,97.3,4.47,-7,-0.7,.44,0.0,0.1,2,.464,.496,$2650000,Free Agency
298,Kelvin Herrera\herreke01,25,KCR,69.2,72,0,23,2.97,4.34,0.22,-0.32,102.7,3.90,6,0.7,1.38,0.0,1.4,14,.510,.504,$1600000,Amateur Free Agent
299,Keith Hessler*\hesslke01,26,ARI,12.1,18,0,11,8.03,4.45,0.39,-0.32,103.4,3.86,-6,-0.6,.95,0.0,-0.5,-5,.467,.496,,Amateur Free Agent
300,Chris Heston\hestoch01,27,SFG,177.2,31,31,82,4.15,4.17,0.17,0.17,99.3,4.14,0,0.0,,-0.1,1.5,14,.501,.500,,Amateur Draft
301,Rich Hill*\hillri01,35,BOS,29.0,4,4,5,1.55,4.73,-0.03,0.18,101.1,5.00,11,1.3,,0.0,1.6,14,.837,.508,,Free Agency
302,Taylor Hill\hillta01,26,WSN,12.0,6,0,5,3.75,4.53,-0.11,-0.33,100.7,4.34,1,0.1,.21,-0.1,0.1,2,.515,.501,,Amateur Draft
303,Dalier Hinojosa\hinojda01,29,2TM,24.2,19,0,3,1.09,4.29,-0.33,-0.31,101.4,4.37,9,1.0,.80,-0.2,1.1,11,.554,.505,,Amateur Free Agent
304,Luke Hochevar\hochelu01,31,KCR,50.2,49,0,23,4.09,4.39,0.23,-0.32,103.2,3.95,-1,-0.1,1.00,-0.1,0.3,4,.497,.499,$4000000,Free Agency
305,Derek Holland*\hollade01,28,TEX,58.2,10,10,32,4.91,4.62,0.01,0.18,103.5,4.96,0,0.0,,0.0,0.5,6,.497,.500,$7400000,Amateur Draft
306,Greg Holland\hollagr01,29,KCR,44.2,48,0,20,4.03,4.37,0.21,-0.32,103.4,3.97,-1,-0.1,1.73,-0.1,0.2,4,.498,.499,$8250000,Amateur Draft
307,David Holmberg*\holmbda01,23,CIN,28.1,6,6,24,7.62,4.38,-0.03,0.17,97.4,4.47,-10,-0.9,,0.0,-0.7,-8,.347,.494,,Traded
308,J.J. Hoover\hoovejj01,27,CIN,64.1,67,0,24,3.36,4.14,-0.02,-0.30,101.7,3.93,4,0.5,1.29,-0.1,1.0,9,.507,.503,$535000,Traded
309,T.J. House*\housetj01,25,CLE,13.0,4,4,19,13.15,4.58,0.18,0.18,106.3,4.87,-12,-1.0,,0.0,-0.9,-11,.255,.494,$511900,Amateur Draft
310,Adrian Houser\housead01,22,MIL,2.0,2,0,0,0.00,4.05,-0.02,-0.29,102.0,3.85,1,0.1,.04,-0.1,0.1,1,.549,.501,,Traded
311,J.P. Howell*\howeljp01,32,LAD,44.0,65,0,9,1.84,4.38,0.03,-0.32,95.7,3.86,10,1.1,1.28,0.0,1.6,14,.517,.507,$4000000,Free Agency
312,Daniel Hudson\hudsoda01,28,ARI,67.2,64,1,34,4.52,4.28,0.34,-0.29,104.5,3.81,-5,-0.5,1.33,-0.2,-0.2,0,.492,.497,$800000,Free Agency
313,Tim Hudson\hudsoti01,39,SFG,123.2,24,22,62,4.51,4.16,0.19,0.16,97.1,4.00,-7,-0.7,.27,-0.1,0.3,3,.471,.496,$12000000,Free Agency
314,David Huff*\huffda01,30,LAD,6.0,3,1,6,9.00,3.99,0.03,0.01,104.4,4.14,-3,-0.3,.08,0.0,-0.2,-3,.394,.498,,Free Agency
315,Jared Hughes\hugheja02,29,PIT,67.0,76,0,21,2.82,4.19,0.15,-0.30,97.9,3.65,6,0.7,1.26,-0.1,1.3,12,.509,.504,$1075000,Amateur Draft
316,Phil Hughes\hugheph01,29,MIN,155.1,27,25,76,4.40,4.29,-0.08,0.16,103.9,4.70,4,0.4,.15,-0.1,1.8,20,.514,.502,$9200000,Free Agency
317,Tommy Hunter\hunteto02,28,2TM,60.1,58,0,29,4.33,4.44,0.04,-0.33,101.9,4.15,-2,-0.2,.94,-0.1,0.4,4,.497,.500,$4650000,Traded
318,Drew Hutchison\hutchdr01,24,TOR,150.1,30,28,103,6.17,4.34,0.10,0.16,98.7,4.34,-32,-3.1,.33,-0.1,-1.7,-16,.396,.481,$520100,Amateur Draft
319,Colt Hynes*\hynesco01,30,TOR,3.0,5,0,2,6.00,4.68,0.13,-0.35,100.4,4.23,-1,-0.1,.46,0.0,0.0,0,.487,.500,$510800,Waivers
320,Edgar Ibarra*\ibarred01,26,LAA,4.0,2,0,1,2.25,4.48,0.09,-0.33,92.3,3.74,1,0.1,.10,0.0,0.1,1,.534,.500,,Free Agency
321,Raisel Iglesias\iglesra01,25,CIN,95.1,18,16,45,4.25,4.13,-0.02,0.15,101.6,4.37,2,0.2,.46,-0.1,1.0,9,.510,.501,$1714286,Amateur Free Agent
322,Hisashi Iwakuma\iwakuhi01,34,SEA,129.2,20,20,53,3.68,4.38,-0.35,0.17,92.7,4.54,11,1.2,,-0.1,2.4,25,.562,.508,$7000000,Free Agency
323,Edwin Jackson\jacksed01,31,2TM,55.2,47,0,25,4.04,4.26,0.01,-0.31,98.5,3.88,-1,-0.1,.86,-0.1,0.3,4,.498,.500,$13000000,Free Agency
324,Jay Jackson\jacksja01,27,SDP,4.1,6,0,3,6.23,4.37,-0.11,-0.32,106.2,4.43,-1,-0.1,.12,0.0,0.0,-1,.485,.499,,Free Agency
325,Luke Jackson\jackslu01,23,TEX,6.1,7,0,3,4.26,4.46,0.01,-0.33,97.7,4.03,0,0.0,.14,0.0,0.0,0,.497,.500,,Amateur Draft
326,Juan Jaime\jaimeju01,27,ATL,1.1,2,0,1,6.75,4.25,-0.09,-0.31,95.0,3.83,0,0.0,.91,0.0,0.0,0,.477,.500,,Free Agency
327,Kenley Jansen\janseke01,27,LAD,52.1,54,0,14,2.41,4.22,0.02,-0.31,94.4,3.68,8,0.8,1.59,0.1,1.4,12,.516,.505,$7425000,Amateur Free Agent
328,Casey Janssen\janssca01,33,WSN,40.0,48,0,22,4.95,4.25,-0.12,-0.31,104.0,4.22,-3,-0.3,1.21,-0.1,-0.1,0,.493,.498,$3500000,Free Agency
329,Jeremy Jeffress\jeffrje01,27,MIL,68.0,72,0,22,2.91,4.20,-0.02,-0.31,100.1,3.92,8,0.9,1.35,0.0,1.5,13,.512,.505,$510500,Free Agency
330,Chad Jenkins\jenkich01,27,TOR,3.2,2,0,2,4.91,4.58,0.11,-0.34,100.7,4.17,0,0.0,.10,0.0,0.0,0,.482,.500,,Amateur Draft
331,Dan Jennings*\jennida01,28,CHW,56.1,53,0,28,4.47,4.33,-0.07,-0.32,98.2,4.01,-4,-0.4,.86,-0.1,0.1,2,.493,.498,$523000,Traded
332,Kevin Jepsen\jepseke01,30,2TM,69.2,75,0,20,2.58,4.42,0.05,-0.33,100.4,4.06,11,1.2,1.70,0.2,2.1,18,.516,.503,$3025000,Traded
333,Cesar Jimenez*\jimence01,30,2TM,23.0,19,0,8,3.13,4.09,-0.05,-0.30,100.3,3.85,2,0.2,.61,-0.1,0.3,4,.511,.500,$575000,Waivers
334,Ubaldo Jimenez\jimenub01,31,BAL,184.0,32,32,89,4.35,4.52,0.01,0.18,103.4,4.84,8,0.9,,-0.1,2.6,27,.528,.505,$12250000,Free Agency
335,Brian Johnson*\johnsbr02,24,BOS,4.1,1,1,4,8.31,4.35,-0.04,0.17,100.0,4.55,-2,-0.2,,0.0,-0.1,-1,.332,.499,,Amateur Draft
336,Erik Johnson\johnser04,25,CHW,35.0,6,6,14,3.60,4.38,-0.07,0.17,96.5,4.46,3,0.3,,0.0,0.7,7,.556,.502,,Amateur Draft
337,Jim Johnson\johnsji04,32,2TM,66.2,72,0,36,4.86,4.28,-0.08,-0.31,96.8,3.92,-7,-0.6,1.63,-0.1,-0.1,-1,.491,.501,$1600000,Free Agency
338,Steve Johnson\johnsst02,27,BAL,5.1,6,0,6,10.13,5.01,0.02,-0.37,104.1,4.81,-3,-0.3,.09,0.1,-0.1,-3,.445,.498,,Free Agency
339,Garrett Jones*\jonesga02,34,NYY,0.2,1,0,0,0.00,4.23,-0.27,-0.31,96.0,4.02,0,0.0,.00,0.0,0.0,0,.532,.500,$5000000,Traded
340,Nate Jones\jonesna01,29,CHW,19.0,19,0,7,3.32,4.36,-0.05,-0.32,95.9,3.92,1,0.1,1.38,0.0,0.3,3,.506,.501,$660000,Amateur Draft
341,Taylor Jordan\jordata01,26,WSN,17.0,4,1,10,5.29,4.68,-0.13,-0.15,104.9,4.88,-1,-0.1,.62,0.0,0.1,1,.481,.500,,Amateur Draft
342,Taylor Jungmann\jungmta01,25,MIL,119.1,21,21,55,4.15,4.19,-0.02,0.17,102.3,4.48,5,0.5,,-0.1,1.5,14,.525,.503,,Amateur Draft
343,Tommy Kahnle\kahnlto01,25,COL,33.1,36,0,22,5.94,4.23,-0.10,-0.31,117.3,4.73,-4,-0.5,1.06,-0.1,-0.3,-2,.487,.497,,Rule 5 Draft
344,Nathan Karns\karnsna01,27,TBR,147.0,27,26,62,3.80,4.41,0.12,0.16,97.8,4.36,8,0.8,1.80,-0.1,2.2,23,.531,.505,$508800,Traded
345,Scott Kazmir*\kazmisc01,31,2TM,183.0,31,31,77,3.79,4.35,0.04,0.17,101.1,4.52,13,1.6,,-0.1,3.3,32,.552,.506,$13000000,Traded
346,Keone Kela\kelake01,22,TEX,60.1,68,0,18,2.69,4.39,0.01,-0.32,104.8,4.25,10,1.1,1.43,0.1,1.8,16,.516,.507,,Amateur Draft
347,Shawn Kelley\kellesh01,31,SDP,51.1,53,0,18,3.16,4.29,-0.08,-0.31,93.4,3.79,4,0.4,.97,-0.1,0.8,8,.508,.503,$2835000,Traded
348,Casey Kelly\kellyca01,25,SDP,11.1,3,2,13,10.32,4.21,-0.13,0.08,97.8,4.33,-8,-0.6,.02,0.0,-0.5,-7,.285,.496,,Traded
349,Joe Kelly\kellyjo05,27,BOS,134.1,25,25,76,5.09,4.57,-0.04,0.18,105.6,5.07,-2,-0.2,,-0.1,1.1,12,.493,.499,$603000,Traded
350,Ryan Kelly\kellyry01,27,ATL,16.2,17,0,14,7.56,4.42,-0.14,-0.32,94.7,4.02,-6,-0.7,.41,0.2,-0.4,-5,.460,.496,,Free Agency
351,Kyle Kendrick\kendrky01,30,COL,142.1,27,27,102,6.45,4.37,-0.14,0.17,115.2,5.39,-16,-1.7,,-0.1,-0.5,-5,.438,.490,$5500000,Free Agency
352,Ian Kennedy\kenneia01,30,SDP,168.1,30,30,95,5.08,4.15,-0.09,0.17,94.0,4.15,-17,-1.7,,-0.1,-0.4,-3,.442,.489,$9850000,Traded
353,Logan Kensing\kensilo01,32,SEA,15.1,19,0,10,5.87,4.27,-0.34,-0.31,94.4,4.06,-3,-0.3,1.31,-0.1,-0.3,-2,.482,.498,,Free Agency
354,Clayton Kershaw*\kershcl01,27,LAD,232.2,33,33,62,2.40,4.20,0.02,0.17,95.7,4.17,47,5.6,,-0.2,7.5,65,.670,.535,$32571000,Amateur Draft
355,Dallas Keuchel*\keuchda01,27,HOU,232.0,33,33,68,2.64,4.37,0.11,0.17,99.5,4.40,43,5.1,,-0.1,7.2,67,.654,.531,$524500,Amateur Draft
356,Craig Kimbrel\kimbrcr01,27,SDP,59.1,61,0,19,2.88,4.13,-0.07,-0.30,94.4,3.68,5,0.6,1.96,0.1,1.3,10,.510,.504,$9000000,Traded
357,Brandon Kintzler\kintzbr01,30,MIL,7.0,7,0,6,7.71,4.28,-0.02,-0.31,95.8,3.82,-3,-0.3,.59,0.0,-0.2,-2,.455,.498,$1075000,Free Agency
358,Phil Klein\kleinph01,26,TEX,17.1,11,2,15,7.79,4.37,0.01,-0.11,110.3,4.68,-6,-0.6,.77,0.0,-0.4,-4,.443,.496,$509500,Amateur Draft
359,Corey Kluber\klubeco01,29,CLE,222.0,32,32,92,3.73,4.30,0.12,0.17,106.1,4.61,19,2.2,,-0.1,4.2,43,.568,.513,$1200000,Traded
360,Corey Knebel\knebeco01,23,MIL,50.1,48,0,18,3.22,4.10,-0.02,-0.30,103.1,3.94,4,0.5,.59,-0.2,0.7,8,.510,.503,,Traded
361,Guido Knudson\knudsgu01,25,DET,5.0,4,0,10,18.00,4.67,0.03,-0.34,99.7,4.28,-8,-0.7,.10,0.3,-0.3,-7,.327,.496,,Amateur Draft
362,Tom Koehler\koehlto01,29,MIA,187.1,32,31,96,4.61,4.24,0.22,0.16,99.1,4.14,-9,-1.0,.92,-0.1,0.6,6,.470,.494,$555000,Amateur Draft
363,Michael Kohn\kohnmi01,29,ATL,4.2,6,0,0,0.00,3.95,-0.08,-0.29,94.1,3.52,2,0.2,.30,-0.1,0.2,2,.534,.501,,Free Agency
364,George Kontos\kontoge01,30,SFG,73.1,73,0,20,2.45,4.22,0.18,-0.31,97.3,3.63,10,1.1,1.07,-0.1,1.6,16,.515,.507,$517500,Traded
365,Ian Krol*\krolia01,24,DET,28.0,33,0,19,6.11,4.36,0.02,-0.32,99.4,4.00,-7,-0.7,.88,0.0,-0.5,-4,.478,.496,$515000,Traded
366,John Lackey\lackejo01,36,STL,218.0,33,33,71,2.93,4.13,0.12,0.16,102.5,4.28,34,4.0,,-0.2,5.7,51,.620,.524,$507500,Traded
367,Aaron Laffey*\laffeaa01,30,COL,7.1,3,0,3,3.68,4.01,-0.14,-0.29,115.8,4.46,1,0.1,.73,0.0,0.1,1,.525,.500,,Free Agency
368,Bobby LaFromboise*\lafrobo01,29,PIT,8.0,11,0,1,1.13,4.03,0.11,-0.29,102.8,3.73,2,0.3,.65,-0.1,0.3,3,.524,.502,,Waivers
369,John Lamb*\lambjo02,24,CIN,49.2,10,10,32,5.80,4.23,-0.02,0.17,99.8,4.42,-7,-0.8,,0.0,-0.4,-3,.424,.495,,Traded
370,Adam LaRoche*\larocad01,35,CHW,1.0,1,0,0,0.00,4.81,-0.05,-0.35,94.0,4.24,0,0.1,.00,0.0,0.0,1,.551,.500,$12000000,Free Agency
371,Mat Latos\latosma01,27,3TM,116.1,24,21,67,5.18,4.26,0.17,0.15,95.8,4.06,-14,-1.4,.92,-0.1,-0.5,-5,.441,.496,$9400000,Free Agency
372,Tommy Layne*\layneto01,30,BOS,47.2,64,0,22,4.15,4.55,-0.04,-0.33,105.9,4.51,1,0.1,1.07,-0.1,0.5,6,.502,.501,$557000,Free Agency
373,Raudel Lazo*\lazora01,26,MIA,5.2,7,0,2,3.18,4.10,0.21,-0.30,101.2,3.63,0,0.0,.59,0.0,0.1,1,.505,.500,,Amateur Free Agent
374,Mike Leake\leakemi01,27,2TM,192.0,30,30,80,3.75,4.14,0.04,0.16,99.9,4.26,12,1.3,,-0.1,2.9,27,.544,.505,$9775000,Amateur Draft
375,Jack Leathersich*\leathja01,24,NYM,11.2,17,0,3,2.31,4.55,-0.02,-0.33,90.2,3.82,2,0.2,.54,-0.1,0.3,3,.513,.501,,Amateur Draft
376,Sam LeCure\lecursa01,31,CIN,20.0,19,0,9,4.05,4.27,-0.02,-0.31,100.9,4.02,0,0.0,.93,0.0,0.1,2,.500,.500,$1850000,Amateur Draft
377,C.C. Lee\leech01,28,CLE,1.2,2,0,1,5.40,4.21,0.16,-0.31,105.6,3.95,0,0.0,.09,0.0,0.0,0,.485,.500,,Amateur Free Agent
378,Zach Lee\leeza01,23,LAD,4.2,1,1,7,13.50,4.74,0.04,0.19,88.0,4.31,-5,-0.3,,0.0,-0.3,-4,.172,.498,,Amateur Draft
379,Arnold Leon\leonar01,26,OAK,26.2,19,0,14,4.73,4.79,-0.02,-0.35,98.8,4.41,-1,-0.1,.64,0.0,0.1,2,.493,.499,,Free Agency
380,Dominic Leone\leonedo01,23,2TM,15.0,13,0,15,9.00,4.53,-0.17,-0.33,94.6,4.09,-8,-0.8,1.39,-0.1,-0.8,-7,.437,.498,,Traded
381,Jon Lester*\lestejo01,31,CHC,205.0,32,32,83,3.64,4.12,0.09,0.16,99.4,4.17,13,1.4,,-0.2,3.1,29,.545,.509,$20000000,Free Agency
382,Colby Lewis\lewisco01,35,TEX,204.2,33,33,114,5.01,4.44,0.01,0.17,102.8,4.74,-8,-0.9,,-0.1,1.0,13,.473,.495,$4000000,Free Agency
383,Adam Liberatore*\liberad01,28,LAD,29.2,39,0,14,4.25,4.12,0.02,-0.30,101.5,3.85,-1,-0.1,1.26,-0.1,0.1,1,.497,.499,,Traded
384,Tim Lincecum\linceti01,31,SFG,76.1,15,15,37,4.36,4.29,0.18,0.17,93.2,3.99,-3,-0.3,,-0.1,0.3,3,.480,.498,$18000000,Amateur Draft
385,Jacob Lindgren*\lindgja01,22,NYY,7.0,7,0,4,5.14,4.39,-0.20,-0.32,96.7,4.12,-1,-0.1,.67,0.0,0.0,0,.487,.499,,Amateur Draft
386,Francisco Liriano*\liriafr01,31,PIT,186.2,31,31,75,3.62,4.15,0.12,0.17,97.8,4.10,11,1.2,,-0.1,2.7,26,.539,.507,$11666666,Free Agency
387,Radhames Liz\lizra01,31,PIT,23.1,14,0,11,4.24,4.04,0.12,-0.29,99.4,3.60,-2,-0.2,.94,-0.1,0.0,0,.488,.499,$1000000,Free Agency
388,Kyle Lobstein*\lobstky01,25,DET,63.2,13,11,43,6.08,4.17,0.02,0.13,99.4,4.25,-14,-1.3,.29,0.0,-0.7,-7,.398,.492,,Purchased
389,Jeff Locke*\lockeje01,27,PIT,168.1,30,30,95,5.08,4.06,0.15,0.16,98.0,3.99,-20,-2.0,,-0.1,-0.7,-6,.433,.488,$531000,Traded
390,Adam Loewen*\loewead01,31,PHI,19.1,20,0,15,6.98,4.40,-0.34,-0.32,102.2,4.52,-5,-0.6,.47,0.1,-0.3,-4,.472,.497,,Free Agency
391,Boone Logan*\loganbo02,30,COL,35.1,60,0,17,4.33,4.44,-0.11,-0.32,119.8,5.07,3,0.3,1.27,0.0,0.6,6,.506,.502,$5500000,Free Agency
392,Kyle Lohse\lohseky01,36,MIL,152.1,37,22,99,5.85,4.16,-0.02,0.08,101.2,4.31,-25,-2.6,.64,-0.1,-1.3,-13,.430,.484,$11000000,Free Agency
393,Javier Lopez*\lopezja02,37,SFG,39.1,77,0,8,1.83,4.48,0.15,-0.33,96.4,3.85,9,1.0,1.28,0.0,1.4,12,.513,.506,$4000000,Free Agency
394,Jorge Lopez\lopezjo02,22,MIL,10.0,2,2,6,5.40,4.44,-0.02,0.18,93.7,4.35,-1,-0.1,,0.0,0.0,0,.441,.499,,Amateur Draft
395,Michael Lorenzen\lorenmi01,23,CIN,113.1,27,21,70,5.56,4.18,-0.03,0.13,100.3,4.35,-15,-1.5,.53,-0.1,-0.6,-6,.443,.491,,Amateur Draft
396,Aaron Loup*\loupaa01,27,TOR,42.1,60,0,24,5.10,4.59,0.10,-0.34,99.3,4.12,-5,-0.5,1.11,-0.1,-0.2,-1,.491,.497,$527500,Amateur Draft
397,Mark Lowe\lowema01,32,2TM,55.0,57,0,15,2.45,4.47,-0.15,-0.33,94.4,4.05,9,1.0,1.25,0.0,1.6,15,.518,.504,,Free Agency
398,Lucas Luetge*\luetglu01,28,SEA,2.1,1,0,0,0.00,4.10,-0.20,-0.30,88.0,3.52,1,0.1,.21,0.0,0.1,1,.602,.501,,Rule 5 Draft
399,Jordan Lyles\lylesjo01,24,COL,49.0,10,10,32,5.88,4.27,-0.13,0.17,122.5,5.60,-1,-0.1,,0.0,0.3,3,.486,.499,$2475000,Traded
400,Lance Lynn\lynnla01,28,STL,175.1,31,31,66,3.39,4.19,0.11,0.17,101.0,4.29,18,2.1,,-0.1,3.5,32,.567,.513,$7000000,Amateur Draft
401,Tyler Lyons*\lyonsty01,27,STL,60.0,17,8,29,4.35,4.18,0.11,0.02,99.9,4.08,-2,-0.2,.40,-0.1,0.3,3,.490,.499,,Amateur Draft
402,Jean Machi\machije01,33,2TM,58.0,59,0,35,5.43,4.32,0.10,-0.32,102.4,4.00,-9,-1.0,.88,0.0,-0.5,-4,.483,.497,$527500,Waivers
403,Ryan Madson\madsory01,34,KCR,63.1,68,0,17,2.42,4.27,0.22,-0.31,103.7,3.87,10,1.0,1.30,0.0,1.7,16,.515,.506,$850000,Free Agency
404,Seth Maness\manesse01,26,STL,63.1,76,0,35,4.97,4.21,0.13,-0.31,100.5,3.80,-8,-0.9,1.55,-0.4,-0.7,-3,.489,.495,$530000,Amateur Draft
405,Jeff Manship\manshje01,30,CLE,39.1,32,0,4,0.92,4.39,0.11,-0.32,107.4,4.24,14,1.6,.79,-0.3,1.7,18,.549,.510,,Free Agency
406,Shaun Marcum\marcush01,33,CLE,35.0,7,6,21,5.40,4.35,0.13,0.10,105.2,4.55,-4,-0.4,.41,0.0,0.0,0,.446,.498,,Free Agency
407,Sugar Ray Marimon\marimsu01,26,ATL,25.2,16,0,21,7.36,4.41,-0.14,-0.32,95.2,4.03,-9,-1.0,.79,0.0,-0.7,-7,.439,.494,,Free Agency
408,Michael Mariot\mariomi01,26,KCR,3.0,2,0,1,3.00,4.47,0.23,-0.33,94.0,3.67,0,0.0,.01,0.0,0.0,1,.510,.500,,Amateur Draft
409,Matt Marksberry*\marksma01,24,ATL,23.1,31,0,16,6.17,4.47,-0.12,-0.32,94.4,4.03,-5,-0.6,1.02,-0.1,-0.4,-4,.481,.496,,Amateur Draft
410,Jason Marquis\marquja01,36,CIN,47.1,9,9,37,7.04,4.02,-0.03,0.16,99.9,4.21,-15,-1.4,,0.0,-1.0,-11,.347,.492,$1500000,Free Agency
411,Evan Marshall\marshev01,25,ARI,13.1,13,0,9,6.08,4.38,0.43,-0.32,101.7,3.69,-3,-0.4,1.10,-0.1,-0.3,-2,.472,.498,$512000,Amateur Draft
412,Chris Martin\martich02,29,NYY,20.2,24,0,13,5.66,4.62,-0.29,-0.34,98.0,4.49,-3,-0.3,.78,0.0,-0.1,-1,.487,.498,$511025,Purchased
413,Cody Martin\martico01,25,2TM,30.2,25,2,27,7.92,4.39,-0.09,-0.22,96.1,4.09,-13,-1.2,1.31,0.0,-0.9,-10,.452,.497,,Amateur Draft
414,Rafael Martin\martira04,31,WSN,12.1,13,0,9,6.57,4.13,-0.07,-0.30,103.4,4.04,-3,-0.4,1.06,0.0,-0.3,-2,.472,.498,,Free Agency
415,Carlos Martinez\martica04,23,STL,179.2,31,29,65,3.26,4.20,0.11,0.15,101.4,4.31,22,2.5,1.65,-0.1,4.0,36,.580,.515,$520000,Free Agency
416,Nick Martinez\martini01,24,TEX,125.0,24,21,66,4.75,4.40,0.01,0.16,104.8,4.76,-1,-0.1,.13,-0.1,1.0,12,.495,.499,$515000,Amateur Draft
417,Nick Masset\masseni01,33,2TM,25.0,28,0,15,5.40,4.35,0.01,-0.32,95.0,3.82,-4,-0.5,1.32,-0.2,-0.5,-2,.484,.498,,Free Agency
418,Justin Masterson\masteju01,30,BOS,59.1,18,9,38,5.76,4.31,-0.04,0.04,107.6,4.73,-7,-0.8,1.02,-0.1,-0.2,-1,.457,.495,$9500000,Free Agency
419,Marcos Mateo\mateoma01,31,SDP,27.0,26,0,16,5.33,4.25,-0.08,-0.31,95.4,3.84,-4,-0.5,.58,0.0,-0.2,-2,.482,.497,,Free Agency
420,Ryan Mattheus\matthry01,31,2TM,56.0,58,0,31,4.98,4.25,-0.03,-0.31,100.8,4.00,-6,-0.6,.94,-0.1,-0.3,-1,.489,.496,,Waivers
421,Brian Matusz*\matusbr01,28,BAL,49.0,58,0,18,3.31,4.78,0.01,-0.35,101.5,4.48,6,0.6,1.04,-0.1,1.0,11,.511,.504,$3200000,Amateur Draft
422,Steven Matz*\matzst01,24,NYM,35.2,6,6,9,2.27,4.22,-0.02,0.17,92.9,4.09,7,0.9,,0.0,1.2,10,.646,.505,,Amateur Draft
423,Tyler Matzek*\matzety01,24,COL,22.0,5,5,10,4.09,4.39,-0.12,0.17,120.7,5.65,4,0.5,,0.0,0.6,6,.590,.503,$509500,Amateur Draft
424,Brandon Maurer\maurebr01,24,SDP,51.0,53,0,19,3.35,4.23,-0.10,-0.31,93.4,3.75,2,0.3,1.29,-0.1,0.7,7,.505,.502,,Traded
425,Trevor May\maytr01,25,MIN,114.2,48,16,53,4.16,4.31,-0.07,0.04,104.3,4.60,4,0.5,1.09,-0.1,1.5,16,.510,.503,,Traded
426,Vin Mazzaro\mazzavi01,28,MIA,12.0,10,0,6,4.50,4.42,0.25,-0.32,101.6,3.91,-1,-0.1,.45,0.0,0.0,0,.492,.500,,Free Agency
427,Cory Mazzoni\mazzoco01,25,SDP,8.2,8,0,22,22.85,4.29,-0.15,-0.31,88.9,3.67,-18,-1.6,.11,0.7,-0.8,-18,.298,.490,,Traded
428,Zach McAllister\mcallza01,27,CLE,69.0,61,1,28,3.65,4.39,0.12,-0.29,106.8,4.25,4,0.4,.97,-0.2,1.0,11,.507,.503,$520400,Traded
429,Brandon McCarthy\mccarbr01,31,LAD,23.0,4,4,15,5.87,4.24,0.02,0.17,89.1,3.91,-5,-0.5,,0.0,-0.3,-3,.380,.497,$12500000,Free Agency
430,Lance McCullers\mcculla02,21,HOU,125.2,22,22,49,3.51,4.39,0.11,0.17,98.9,4.39,11,1.2,,-0.1,2.4,24,.556,.508,,Amateur Draft
431,T.J. McFarland*\mcfartj01,26,BAL,40.1,30,0,26,5.80,4.70,0.01,-0.35,103.3,4.48,-6,-0.7,.79,0.0,-0.3,-2,.478,.496,$519000,Rule 5 Draft
432,Jake McGee*\mcgeeja01,28,TBR,37.1,39,0,11,2.65,4.45,0.10,-0.33,98.5,3.97,5,0.5,1.70,0.1,1.0,9,.514,.503,$3550000,Amateur Draft
433,Scott McGough\mcgousc01,25,MIA,6.2,6,0,7,9.45,4.35,0.28,-0.32,99.6,3.73,-4,-0.4,.18,0.2,-0.2,-4,.428,.497,,Traded
434,Dustin McGowan\mcgowdu01,33,PHI,23.1,14,1,21,8.10,4.24,-0.42,-0.24,100.0,4.43,-9,-1.0,.56,0.1,-0.6,-8,.431,.494,$650000,Free Agency
435,Collin McHugh\mchugco01,28,HOU,203.2,32,32,89,3.93,4.45,0.12,0.17,100.4,4.51,11,1.2,,-0.1,3.1,32,.538,.507,$516300,Waivers
436,Andrew McKirahan*\mckiran01,25,ATL,27.1,27,0,18,5.93,4.48,-0.14,-0.33,95.6,4.11,-5,-0.6,.95,-0.1,-0.4,-3,.479,.496,,Waivers
437,Yoervis Medina\medinyo01,26,2TM,21.0,17,0,12,5.14,4.33,-0.17,-0.32,96.9,4.03,-3,-0.3,.98,0.1,0.0,-1,.484,.500,$527300,Traded
438,Kris Medlen\medlekr01,29,KCR,58.1,15,8,30,4.63,4.17,0.25,0.05,103.3,4.10,-4,-0.4,.95,-0.1,0.1,2,.472,.497,$2000000,Free Agency
439,Jenrry Mejia\mejiaje01,25,NYM,7.1,7,0,0,0.00,4.16,-0.02,-0.30,98.4,3.81,3,0.4,1.29,0.0,0.5,4,.551,.502,$2595000,Amateur Free Agent
440,Mark Melancon\melanma01,30,PIT,76.2,78,0,22,2.58,4.11,0.13,-0.30,97.7,3.60,9,1.0,1.73,0.2,1.9,15,.513,.506,$5400000,Traded
441,Roman Mendez\mendero01,24,2TM,13.2,15,0,8,5.27,4.46,0.00,-0.33,103.3,4.27,-2,-0.2,.64,0.0,-0.1,0,.488,.499,$509500,Waivers
442,Alex Meyer\meyeral01,25,MIN,2.2,2,0,5,16.88,4.00,-0.08,-0.29,102.0,3.86,-4,-0.3,.26,0.1,-0.2,-4,.326,.498,,Traded
443,Wade Miley*\mileywa01,28,BOS,193.2,32,32,98,4.55,4.50,-0.04,0.18,104.9,4.95,7,0.7,,-0.1,2.5,27,.523,.504,$3666000,Traded
444,Andrew Miller*\millean01,30,NYY,61.2,60,0,16,2.34,4.41,-0.16,-0.32,99.1,4.21,12,1.3,1.62,0.3,2.2,19,.522,.508,$9000000,Free Agency
445,Justin Miller\milleju02,28,COL,33.1,34,0,15,4.05,4.35,-0.09,-0.32,119.9,4.95,3,0.4,1.08,-0.1,0.6,6,.511,.502,,Free Agency
446,Shelby Miller\millesh01,24,ATL,205.1,33,33,82,3.59,4.18,-0.12,0.17,96.4,4.31,17,1.9,,-0.2,3.6,33,.559,.512,$535000,Traded
447,Brad Mills*\millsbr02,30,OAK,5.0,1,1,3,5.40,4.30,-0.02,0.17,106.0,4.76,0,0.0,,0.0,0.0,0,.458,.500,,Purchased
448,Tommy Milone*\milonto01,28,MIN,128.2,24,23,64,4.48,4.25,-0.08,0.16,104.9,4.71,2,0.2,3.47,-0.1,1.4,16,.509,.501,$2775000,Traded
449,Bryan Mitchell\mitchbr01,24,NYY,29.2,20,2,24,7.28,4.38,-0.27,-0.23,98.5,4.35,-10,-1.0,.62,0.1,-0.6,-7,.449,.494,,Amateur Draft
450,Frankie Montas\montafr02,22,CHW,15.0,7,2,8,4.80,4.21,-0.06,-0.09,95.9,4.00,-1,-0.2,.13,0.0,0.0,0,.478,.499,,Traded
451,Rafael Montero\montera01,24,NYM,10.0,5,1,6,5.40,4.04,-0.02,-0.04,97.0,3.90,-2,-0.2,1.69,0.0,-0.1,-1,.466,.499,$511000,Amateur Free Agent
452,Mike Montgomery*\montgmi01,25,SEA,90.0,16,16,49,4.90,4.44,-0.38,0.17,94.0,4.70,-3,-0.3,,-0.1,0.5,7,.481,.498,,Traded
453,Matt Moore*\moorema02,26,TBR,63.0,12,12,40,5.71,4.38,0.13,0.17,100.3,4.43,-10,-1.0,,0.0,-0.4,-3,.420,.494,$3000000,Amateur Draft
454,Tyler Moore\moorety01,28,WSN,0.2,1,0,0,0.00,4.14,-0.12,-0.30,106.0,4.21,0,0.0,.00,0.0,0.0,0,.535,.500,$518200,Amateur Draft
455,Franklin Morales*\moralfr01,29,KCR,62.1,67,0,24,3.47,4.28,0.25,-0.31,104.2,3.87,2,0.2,.92,-0.2,0.7,9,.503,.501,$1850000,Free Agency
456,Diego Moreno\morendi01,27,NYY,10.1,4,0,6,5.23,4.19,-0.25,-0.31,100.6,4.16,-1,-0.1,.44,0.0,0.0,0,.465,.499,,Free Agency
457,Adam Morgan*\morgaad01,25,PHI,84.1,15,15,45,4.80,4.44,-0.43,0.18,99.4,5.01,2,0.3,,-0.1,0.9,9,.517,.502,,Amateur Draft
458,Mike Morin\morinmi01,24,LAA,35.1,47,0,28,7.13,4.36,0.08,-0.32,95.7,3.79,-13,-1.4,.75,0.1,-1.0,-10,.470,.491,$514000,Amateur Draft
459,Akeel Morris\morriak01,22,NYM,0.2,1,0,5,67.50,5.79,-0.05,-0.42,96.0,5.21,-5,-0.3,.12,0.1,-0.2,-5,.177,.498,,Amateur Draft
460,Bryan Morris\morribr01,28,MIA,63.0,67,0,26,3.71,4.23,0.22,-0.31,97.5,3.60,-1,-0.1,1.24,-0.2,0.4,4,.499,.500,$531500,Traded
461,Brandon Morrow\morrobr01,30,SDP,33.0,5,5,10,2.73,4.08,-0.10,0.16,96.3,4.17,5,0.6,,0.0,0.9,8,.628,.504,$2500000,Free Agency
462,Charlie Morton\mortoch02,31,PIT,129.0,23,23,77,5.37,4.13,0.15,0.16,98.9,4.10,-18,-1.8,,-0.1,-0.8,-7,.422,.489,$8000000,Traded
463,Jon Moscot\moscojo01,23,CIN,11.2,3,3,6,4.63,4.25,-0.03,0.17,101.6,4.52,0,0.0,,0.0,0.1,1,.497,.500,,Amateur Draft
464,Jason Motte\motteja01,33,CHC,48.1,57,0,21,3.91,4.18,0.11,-0.30,101.1,3.81,0,0.0,1.33,-0.1,0.3,3,.499,.500,$4500000,Free Agency
465,Peter Moylan\moylape01,36,ATL,10.1,22,0,5,4.35,4.81,-0.14,-0.35,94.4,4.34,0,0.0,1.48,0.0,0.1,1,.500,.500,,Free Agency
466,Edward Mujica\mujiced01,31,2TM,47.1,49,0,28,5.32,4.48,-0.03,-0.33,101.7,4.25,-6,-0.6,1.21,-0.2,-0.4,-1,.487,.497,$4750000,Free Agency
467,Toru Murata\muratto01,30,CLE,3.1,1,1,5,13.50,4.30,0.17,0.17,106.0,4.56,-3,-0.3,,0.0,-0.2,-3,.238,.498,,Free Agency
468,David Murphy*\murphda07,33,CLE,0.1,1,0,5,135.00,4.37,0.54,-0.32,112.0,3.94,-5,-0.3,.00,0.2,-0.2,-5,.170,.498,,Free Agency
469,Colton Murray\murraco02,25,PHI,7.2,8,0,5,5.87,4.25,-0.43,-0.31,101.9,4.45,-1,-0.1,.49,0.0,0.0,-1,.484,.499,,Amateur Draft
470,Chris Narveson*\narvech01,33,MIA,30.1,15,2,15,4.45,4.13,0.19,-0.16,97.9,3.70,-2,-0.3,.71,0.0,0.0,0,.483,.498,,Free Agency
471,Joe Nathan\nathajo01,40,DET,0.1,1,0,0,0.00,4.10,0.00,-0.30,96.0,3.65,0,0.0,.41,0.0,0.0,0,.514,.500,$10000000,Free Agency
472,Jimmy Nelson\nelsoji02,26,MIL,177.1,30,30,89,4.52,4.20,-0.02,0.17,101.1,4.43,-1,-0.1,,-0.1,1.3,13,.496,.499,$511500,Amateur Draft
473,Hector Neris\nerishe01,26,PHI,40.1,32,0,19,4.24,4.38,-0.37,-0.32,100.0,4.42,1,0.1,.73,-0.1,0.4,4,.503,.501,,Amateur Free Agent
474,Angel Nesbitt\nesbian01,24,DET,21.2,24,0,14,5.82,4.27,0.02,-0.31,97.0,3.82,-5,-0.5,1.22,-0.1,-0.4,-3,.478,.497,,Amateur Free Agent
475,Pat Neshek\neshepa01,34,HOU,54.2,66,0,25,4.12,4.46,0.12,-0.33,100.9,4.05,-1,-0.1,1.42,-0.2,0.3,5,.498,.499,$5500000,Free Agency
476,Juan Nicasio\nicasju01,28,LAD,58.1,53,1,25,3.86,4.19,0.02,-0.29,94.3,3.65,-1,-0.1,1.13,-0.1,0.3,4,.498,.499,$2300000,Traded
477,Justin Nicolino*\nicolju01,23,MIA,74.0,12,12,33,4.01,4.09,0.24,0.16,98.4,3.94,0,0.0,,-0.1,0.6,6,.497,.500,,Traded
478,Jon Niese*\niesejo01,28,NYM,176.2,33,29,93,4.74,4.16,-0.02,0.16,95.1,4.12,-11,-1.2,1.02,-0.1,0.2,3,.464,.493,$7000000,Amateur Draft
479,Hector Noesi\noesihe01,28,CHW,32.2,10,5,26,7.16,4.46,-0.08,0.03,97.4,4.45,-10,-1.0,.06,0.1,-0.6,-7,.400,.494,$1950000,Waivers
480,Aaron Nola\nolaaa01,22,PHI,77.2,13,13,31,3.59,4.29,-0.38,0.17,99.0,4.79,11,1.2,,-0.1,1.9,17,.595,.508,,Amateur Draft
481,Ricky Nolasco\nolasri01,32,MIN,37.1,9,8,31,7.47,4.29,-0.08,0.14,102.2,4.61,-12,-1.2,.01,0.0,-0.8,-8,.371,.493,$12000000,Free Agency
482,Sean Nolin*\nolinse01,25,OAK,29.0,6,6,19,5.90,4.36,-0.02,0.17,98.7,4.49,-5,-0.5,,0.0,-0.2,-2,.420,.497,,Traded
483,Bud Norris\norribu01,30,2TM,83.0,38,11,68,7.37,4.42,-0.01,0.01,101.7,4.53,-27,-2.6,.86,0.0,-1.8,-19,.431,.492,$8800000,Traded
484,Daniel Norris*\norrida01,22,2TM,60.0,13,13,31,4.65,4.25,0.05,0.17,100.5,4.38,-2,-0.3,,0.0,0.3,4,.481,.499,$508700,Traded
485,Ivan Nova\novaiv01,28,NYY,94.0,17,17,54,5.17,4.53,-0.27,0.18,99.0,4.93,-3,-0.4,,-0.1,0.5,6,.479,.498,$3300000,Rule 5 returned
486,Vidal Nuno*\nunovi01,27,2TM,89.0,35,10,38,3.84,4.30,-0.27,-0.03,97.8,4.42,5,0.6,1.05,-0.1,1.4,14,.516,.502,,Traded
487,Darren O'Day\odayda01,32,BAL,65.1,68,0,13,1.79,4.51,0.01,-0.33,102.8,4.28,17,1.9,1.43,0.3,2.8,24,.528,.512,$4250000,Free Agency
488,Eric O'Flaherty*\oflaher01,30,2TM,30.0,41,0,30,9.00,4.40,-0.02,-0.32,98.8,4.06,-17,-1.7,.80,0.2,-1.3,-14,.458,.495,$5500000,Traded
489,Ryan O'Rourke*\orourry01,27,MIN,22.0,28,0,15,6.14,4.73,-0.06,-0.35,102.0,4.53,-4,-0.4,.60,0.0,-0.2,-2,.484,.497,,Amateur Draft
490,Sean O'Sullivan\osullse01,27,PHI,71.0,13,13,49,6.21,4.28,-0.48,0.17,99.4,4.90,-10,-1.0,,-0.1,-0.4,-4,.422,.494,,Free Agency
491,Scott Oberg\obergsc01,25,COL,58.1,64,0,35,5.40,4.39,-0.12,-0.32,115.2,4.82,-4,-0.4,1.11,-0.2,0.0,1,.494,.498,,Amateur Draft
492,Brett Oberholtzer*\oberhbr01,25,HOU,38.1,8,8,21,4.93,4.38,0.13,0.17,104.5,4.62,-2,-0.2,,0.0,0.2,2,.477,.499,$515800,Traded
493,Jake Odorizzi\odorija01,25,TBR,169.1,28,28,65,3.45,4.52,0.12,0.18,98.3,4.49,18,2.0,,-0.1,3.6,36,.572,.512,$522000,Traded
494,Alexi Ogando\ogandal01,31,BOS,65.1,64,0,29,3.99,4.59,-0.04,-0.34,106.7,4.58,4,0.4,1.19,-0.1,0.9,10,.506,.502,$1500000,Free Agency
495,Nefi Ogando\ogandne01,26,PHI,4.0,4,0,5,11.25,4.06,-0.55,-0.29,102.0,4.40,-3,-0.3,.13,0.1,-0.2,-3,.423,.498,,Traded
496,Ross Ohlendorf\ohlenro01,32,TEX,19.1,21,0,8,3.72,4.34,0.01,-0.32,105.4,4.24,1,0.1,1.05,0.0,0.3,3,.505,.501,,Free Agency
497,Edgar Olmos*\olmosed01,25,SEA,14.0,6,2,8,5.14,4.24,-0.46,-0.10,94.4,4.35,-1,-0.1,.90,0.0,0.0,0,.476,.499,$512500,Waivers
498,Tyler Olson*\olsonty01,25,SEA,13.1,11,0,8,5.40,4.46,-0.41,-0.33,93.3,4.24,-2,-0.2,1.37,-0.1,-0.1,0,.482,.499,,Amateur Draft
499,Josh Osich*\osichjo01,26,SFG,28.2,35,0,12,3.77,4.28,0.17,-0.31,97.7,3.71,0,0.0,1.23,-0.1,0.2,2,.500,.500,,Amateur Draft
500,Roberto Osuna\osunaro01,20,TOR,69.2,68,0,21,2.71,4.36,0.08,-0.32,98.0,3.88,8,0.9,1.53,0.1,1.7,16,.513,.506,,Free Agency
501,Dan Otero\oteroda01,30,OAK,46.2,41,0,35,6.75,4.57,-0.02,-0.34,98.4,4.19,-14,-1.4,.82,0.0,-0.9,-9,.465,.491,$512500,Waivers
502,Adam Ottavino\ottavad01,29,COL,10.1,10,0,0,0.00,4.39,-0.07,-0.32,122.9,5.09,6,0.7,1.29,0.1,0.8,7,.567,.504,$1300000,Waivers
503,Henry Owens*\owenshe02,22,BOS,63.0,11,11,35,5.00,4.49,-0.04,0.17,107.9,5.08,0,0.0,,0.0,0.6,7,.499,.500,,Amateur Draft
504,Jonathan Papelbon\papeljo01,34,2TM,63.1,59,0,22,3.13,4.12,-0.26,-0.30,103.3,4.21,8,0.9,1.24,-0.1,1.4,13,.515,.504,$13000000,Free Agency
505,Bobby Parnell\parnebo01,30,NYM,24.0,30,0,20,7.50,4.37,-0.02,-0.32,93.3,3.80,-10,-1.0,1.12,-0.1,-0.9,-8,.466,.494,$3700000,Amateur Draft
506,Manny Parra*\parrama01,32,CIN,32.1,40,0,15,4.18,4.22,-0.03,-0.31,100.3,3.95,-1,-0.1,1.22,-0.1,0.1,2,.498,.500,$3500000,Free Agency
507,Spencer Patton\pattosp01,27,TEX,24.0,27,0,24,9.00,4.48,0.01,-0.33,106.6,4.42,-12,-1.3,.86,0.0,-1.0,-10,.452,.492,,Traded
508,James Paxton*\paxtoja01,26,SEA,67.0,13,13,34,4.57,4.50,-0.38,0.18,91.9,4.65,0,0.0,,0.0,0.6,7,.499,.500,$519000,Amateur Draft
509,James Pazos*\pazosja01,24,NYY,5.0,11,0,0,0.00,5.47,-0.25,-0.40,97.6,5.18,3,0.3,.47,-0.1,0.3,3,.528,.502,,Amateur Draft
510,Brad Peacock\peacobr01,27,HOU,5.0,1,1,3,5.40,4.28,0.13,0.17,100.0,4.31,-1,-0.1,,0.0,0.0,0,.433,.500,$515800,Traded
511,Jake Peavy\peavyja01,34,SFG,110.2,19,19,45,3.66,4.23,0.18,0.17,96.0,4.05,5,0.6,,-0.1,1.5,14,.531,.504,$9000000,Traded
512,Mike Pelfrey\pelfrmi01,31,MIN,164.2,30,30,86,4.70,4.29,-0.08,0.17,104.3,4.73,-1,-0.1,,-0.1,1.4,16,.496,.499,$5500000,Free Agency
513,Ariel Pena\penaar01,26,MIL,27.1,6,5,14,4.61,4.01,-0.02,0.11,101.3,4.19,-1,-0.1,.90,0.0,0.1,1,.479,.499,,Traded
514,Joel Peralta\peraljo01,39,LAD,29.0,33,0,14,4.34,4.20,0.03,-0.31,97.2,3.76,-2,-0.2,1.04,-0.1,0.0,1,.494,.499,$2500000,Traded
515,Wily Peralta\peralwi01,26,MIL,108.2,20,20,60,4.97,4.11,-0.02,0.16,100.2,4.30,-8,-0.8,,-0.1,0.1,1,.460,.495,$525500,Amateur Free Agent
516,Martin Perez*\perezma02,24,TEX,78.2,14,14,45,5.15,4.38,0.01,0.17,104.4,4.75,-4,-0.4,,0.0,0.3,4,.468,.497,$1000000,Amateur Free Agent
517,Oliver Perez*\perezol01,33,2TM,41.0,70,0,24,5.27,4.59,0.26,-0.33,104.4,4.17,-5,-0.5,1.10,-0.2,-0.3,-1,.493,.499,$2500000,Free Agency
518,Williams Perez\perezwi01,24,ATL,116.2,23,20,66,5.09,4.34,-0.13,0.16,94.4,4.37,-9,-0.9,.65,-0.1,0.0,0,.459,.494,,Amateur Free Agent
519,Glen Perkins*\perkigl01,32,MIN,57.0,60,0,21,3.32,4.27,-0.07,-0.31,104.3,4.20,5,0.5,1.81,0.1,1.2,11,.509,.503,$4650000,Amateur Draft
520,Vinnie Pestano\pestavi01,30,LAA,11.2,19,0,9,6.94,4.87,0.09,-0.36,93.9,4.15,-4,-0.4,.95,0.0,-0.3,-3,.479,.498,$1150000,Traded
521,Yusmeiro Petit\petityu01,30,SFG,76.0,42,1,32,3.79,4.09,0.18,-0.26,99.3,3.63,-1,-0.1,.65,-0.2,0.4,5,.497,.499,$2100000,Free Agency
522,Jake Petricka\petrija01,27,CHW,52.0,62,0,21,3.63,4.51,-0.07,-0.33,97.4,4.14,2,0.3,1.34,-0.1,0.7,8,.504,.502,$520000,Amateur Draft
523,David Phelps\phelpda01,28,MIA,112.0,23,19,59,4.74,4.25,0.23,0.15,99.5,4.14,-7,-0.7,.27,-0.1,0.2,2,.468,.495,$1400000,Traded
524,Stolmy Pimentel\pimenst01,25,TEX,11.1,8,0,5,3.97,4.46,0.01,-0.33,106.9,4.41,0,0.0,.68,0.0,0.1,2,.506,.500,,Waivers
525,Branden Pinder\pindebr01,26,NYY,27.2,25,0,9,2.93,4.42,-0.24,-0.32,97.8,4.24,4,0.4,.37,-0.2,0.5,7,.516,.503,,Amateur Draft
526,Michael Pineda\pinedmi01,26,NYY,160.2,27,27,83,4.65,4.49,-0.25,0.17,98.7,4.85,2,0.2,,-0.1,1.7,19,.508,.501,$2100000,Traded
527,Yohan Pino\pinoyo01,31,KCR,19.1,7,1,8,3.72,4.26,0.27,-0.18,106.8,4.06,1,0.1,.61,0.0,0.2,3,.508,.500,,Free Agency
528,Drew Pomeranz*\pomerdr01,26,OAK,86.0,53,9,44,4.60,4.40,-0.02,-0.07,100.4,4.37,-3,-0.3,1.53,-0.2,0.4,6,.494,.498,$517500,Traded
529,Rick Porcello\porceri01,26,BOS,172.0,28,28,103,5.39,4.48,-0.04,0.17,106.3,5.00,-9,-1.0,,-0.1,0.6,9,.466,.494,$12500000,Traded
530,Ryan Pressly\pressry01,26,MIN,27.2,27,0,9,2.93,4.41,-0.07,-0.32,105.2,4.37,4,0.5,1.02,-0.1,0.7,7,.517,.503,,Rule 5 Draft
531,David Price*\priceda01,29,2TM,220.1,32,32,70,2.86,4.31,0.04,0.17,97.9,4.35,34,4.0,,-0.1,6.0,57,.624,.513,$19750000,Traded
532,Zach Putnam\putnaza01,27,CHW,48.2,49,0,24,4.44,4.33,-0.06,-0.32,97.5,3.97,-3,-0.3,1.03,-0.1,0.1,2,.493,.498,$525000,Free Agency
533,Kevin Quackenbush\quackke01,26,SDP,58.1,57,0,28,4.32,4.17,-0.09,-0.30,92.6,3.66,-4,-0.4,.52,0.0,0.1,1,.492,.497,,Amateur Draft
534,Chad Qualls\quallch01,36,HOU,49.1,60,0,24,4.38,4.47,0.12,-0.33,100.1,4.03,-2,-0.3,1.16,-0.1,0.1,3,.496,.498,$3000000,Free Agency
535,Jose Quintana*\quintjo01,26,CHW,206.1,32,32,81,3.53,4.28,-0.07,0.17,98.1,4.43,19,2.1,,-0.1,4.0,40,.565,.513,$3400000,Free Agency
536,Ryan Raburn\raburry01,34,CLE,0.2,1,0,2,27.00,4.37,0.19,-0.32,112.0,4.32,-2,-0.2,.00,0.1,-0.1,-2,.345,.499,$2500000,Free Agency
537,Alexei Ramirez\ramiral03,33,CHW,1.0,1,0,0,0.00,4.28,-0.09,-0.32,94.0,3.81,0,0.0,.00,0.0,0.0,1,.546,.500,$10000000,Amateur Free Agent
538,Erasmo Ramirez\ramirer02,25,TBR,163.1,34,27,73,4.02,4.49,0.12,0.14,98.2,4.42,6,0.6,.73,-0.1,2.1,23,.518,.504,$522800,Traded
539,J.C. Ramirez\ramirjc01,26,2TM,23.2,20,0,14,5.32,4.39,0.09,-0.32,100.2,3.97,-4,-0.4,1.29,-0.1,-0.2,-1,.481,.499,,Free Agency
540,Jose Ramirez\ramirjo02,25,2TM,7.2,8,0,14,16.43,4.40,-0.46,-0.32,101.6,4.61,-10,-1.0,.34,0.3,-0.6,-9,.379,.497,,Amateur Free Agent
541,Neil Ramirez\ramirne01,26,CHC,14.0,19,0,5,3.21,4.12,0.09,-0.30,105.1,3.92,1,0.1,.47,-0.1,0.2,2,.507,.501,$514500,Traded
542,Noe Ramirez\ramirno01,25,BOS,13.0,17,0,12,8.31,4.93,-0.04,-0.36,103.2,4.76,-5,-0.6,1.20,-0.1,-0.5,-4,.468,.497,,Amateur Draft
543,AJ Ramos\ramosaj01,28,MIA,70.1,71,0,18,2.30,4.17,0.16,-0.30,98.7,3.65,11,1.2,1.64,0.2,2.1,16,.517,.507,$530000,Amateur Draft
544,Cesar Ramos*\ramosce01,31,LAA,52.1,65,0,17,2.92,4.57,0.09,-0.34,93.9,3.89,5,0.5,.81,-0.2,0.9,11,.508,.503,$1312000,Traded
545,Anthony Ranaudo\ranauan01,25,TEX,15.1,4,2,13,7.63,4.62,0.01,-0.06,100.1,4.57,-5,-0.5,.34,0.1,-0.3,-4,.372,.497,,Traded
546,Cory Rasmus\rasmuco02,27,LAA,20.2,16,1,12,5.23,4.42,0.07,-0.25,92.9,3.81,-3,-0.4,.58,0.0,-0.1,-1,.477,.498,$513000,Traded
547,Rob Rasmussen*\rasmuro01,26,2TM,15.1,20,0,18,10.57,4.34,-0.39,-0.32,102.5,4.53,-10,-1.1,1.17,-0.2,-1.1,-9,.447,.494,,Traded
548,Josh Ravin\ravinjo01,27,LAD,9.1,9,0,7,6.75,4.40,0.03,-0.32,98.4,3.98,-3,-0.3,.79,0.0,-0.2,-2,.467,.498,,Free Agency
549,Robbie Ray*\rayro02,23,ARI,127.2,23,23,56,3.95,4.30,0.34,0.17,104.3,4.31,6,0.6,,-0.1,1.7,16,.527,.504,,Traded
550,Colin Rea\reaco01,24,SDP,31.2,6,6,16,4.55,3.94,-0.10,0.16,88.8,3.72,-3,-0.3,,0.0,0.0,0,.452,.498,,Amateur Draft
551,Chris Rearick*\rearich01,27,SDP,3.0,5,0,4,12.00,3.91,-0.11,-0.29,113.8,4.24,-3,-0.3,.37,0.1,-0.2,-2,.447,.498,,Waivers
552,Todd Redmond\redmoto01,30,TOR,16.0,7,1,13,7.31,4.32,0.10,-0.20,97.7,3.92,-6,-0.6,.53,0.1,-0.4,-5,.412,.496,$520000,Waivers
553,Addison Reed\reedad01,26,2TM,56.0,55,0,21,3.38,4.15,0.28,-0.30,100.1,3.57,1,0.2,1.43,-0.1,0.6,6,.503,.500,$4875000,Traded
554,Chris Reed*\reedch01,25,MIA,4.0,2,0,2,4.50,4.73,0.28,-0.34,98.0,4.02,0,0.0,.22,0.0,0.0,0,.489,.500,,Traded
555,Jo-Jo Reyes*\reyesjo03,30,LAA,0.1,1,0,0,0.00,4.24,0.08,-0.32,110.0,4.21,0,0.0,.09,0.0,0.0,0,.517,.500,,Free Agency
556,Matt Reynolds*\reynoma02,30,ARI,13.2,18,0,7,4.61,4.56,0.31,-0.33,105.9,4.15,-1,-0.1,1.53,-0.1,0.0,0,.496,.500,$600000,Traded
557,Clayton Richard*\richacl01,31,CHC,42.1,23,3,18,3.83,4.19,0.12,-0.10,99.9,3.97,1,0.1,1.00,-0.1,0.4,4,.504,.501,,Purchased
558,Garrett Richards\richaga01,27,LAA,207.1,32,32,94,4.08,4.32,0.09,0.17,93.6,4.12,-1,-0.1,,-0.1,1.8,21,.496,.499,$3200000,Amateur Draft
559,C.J. Riefenhauser*\riefecj01,25,TBR,14.2,17,0,10,6.14,4.72,0.13,-0.35,96.3,4.08,-4,-0.4,.57,0.0,-0.2,-2,.478,.498,,Amateur Draft
560,Andre Rienzo\rienzan01,26,MIA,19.2,14,0,14,6.41,4.65,0.21,-0.34,101.3,4.15,-5,-0.5,.55,0.1,-0.3,-3,.464,.497,,Traded
561,Felipe Rivero*\riverfe01,23,WSN,48.1,49,0,15,2.79,4.31,-0.10,-0.31,101.2,4.15,7,0.8,1.06,-0.1,1.2,11,.517,.505,,Traded
562,Donn Roach\roachdo01,25,CHC,3.1,1,1,4,10.80,3.92,0.16,0.16,102.0,4.00,-3,-0.2,,0.0,-0.2,-2,.285,.499,,Waivers
563,Tanner Roark\roarkta01,28,WSN,111.0,40,12,55,4.46,4.20,-0.12,-0.03,100.9,4.33,-1,-0.1,1.01,-0.2,0.7,8,.497,.499,$529600,Traded
564,Kenny Roberts*\roberke02,27,2TM,13.2,15,0,11,7.24,4.37,-0.29,-0.32,116.4,5.03,-3,-0.3,.43,0.1,-0.2,-2,.477,.499,,Amateur Draft
565,David Robertson\roberda08,30,CHW,63.1,60,0,27,3.84,4.33,-0.05,-0.32,97.0,3.95,0,0.0,1.78,-0.1,0.5,7,.500,.500,$10000000,Free Agency
566,Clint Robinson*\robincl01,30,WSN,1.0,1,0,0,0.00,4.14,-0.11,-0.30,108.0,4.27,0,0.1,.00,0.0,0.0,1,.554,.500,$525000,Free Agency
567,Shane Robinson\robinsh01,30,MIN,1.0,1,0,0,0.00,3.77,-0.05,-0.28,112.0,3.96,0,0.0,.00,0.0,0.0,1,.548,.500,$550000,Free Agency
568,Hansel Robles\robleha01,24,NYM,54.0,57,0,27,4.50,4.25,-0.02,-0.31,95.5,3.78,-4,-0.4,1.20,-0.2,-0.1,0,.492,.497,,Amateur Free Agent
569,Fernando Rodney\rodnefe01,38,2TM,62.2,68,0,36,5.17,4.35,-0.28,-0.32,96.7,4.16,-7,-0.8,1.47,-0.4,-0.5,-1,.488,.496,$7000000,Traded
570,Carlos Rodon*\rodonca01,22,CHW,139.1,26,23,63,4.07,4.25,-0.06,0.14,97.5,4.35,3,0.3,1.49,-0.1,1.6,17,.512,.502,,Amateur Draft
571,Eduardo Rodriguez*\rodried05,22,BOS,121.2,21,21,55,4.07,4.46,-0.04,0.17,108.4,5.07,12,1.4,,-0.1,2.5,25,.566,.509,,Traded
572,Fernando Rodriguez\rodrife02,31,OAK,58.2,56,0,27,4.14,4.38,-0.02,-0.32,98.7,4.02,-1,-0.2,1.06,-0.1,0.3,5,.497,.499,$635000,Traded
573,Francisco Rodriguez\rodrifr03,33,MIL,57.0,60,0,15,2.37,4.14,-0.02,-0.30,101.7,3.92,10,1.1,1.40,0.1,1.7,15,.519,.507,$3500000,Free Agency
574,Paco Rodriguez*\rodrist02,24,LAD,10.1,18,0,3,2.61,4.45,0.03,-0.32,92.1,3.78,1,0.2,1.21,0.0,0.2,2,.508,.501,$522500,Amateur Draft
575,Wandy Rodriguez*\rodriwa01,36,TEX,86.1,17,15,48,5.00,4.33,0.01,0.16,105.1,4.71,-4,-0.4,.64,-0.1,0.4,5,.477,.498,$507000,Free Agency
576,Chaz Roe\roech01,28,BAL,41.1,36,0,19,4.14,4.34,0.01,-0.32,102.2,4.10,-1,-0.1,1.06,-0.1,0.3,4,.498,.500,,Free Agency
577,Esmil Rogers\rogeres01,29,NYY,33.0,18,0,29,7.91,4.50,-0.26,-0.33,99.2,4.39,-13,-1.3,.69,0.1,-0.9,-10,.426,.492,$1480000,Waivers
578,David Rollins*\rollida01,25,SEA,25.0,20,0,21,7.56,4.38,-0.42,-0.32,95.5,4.27,-9,-1.0,.70,0.1,-0.6,-7,.452,.494,,Rule 5 Draft
579,Enny Romero*\romeren01,24,TBR,30.0,23,0,18,5.40,4.72,0.13,-0.35,97.0,4.11,-5,-0.5,.72,0.0,-0.2,-1,.479,.497,,Amateur Free Agent
580,Sergio Romo\romose01,32,SFG,57.1,70,0,20,3.14,4.19,0.15,-0.31,96.4,3.61,3,0.4,1.53,-0.1,0.8,8,.505,.502,$6000000,Free Agency
581,Bruce Rondon\rondobr01,24,DET,31.0,35,0,22,6.39,4.32,0.02,-0.32,98.7,3.93,-9,-0.9,1.42,-0.3,-0.9,-6,.474,.494,$510000,Amateur Free Agent
582,Hector Rondon\rondohe01,27,CHC,70.0,72,0,19,2.44,4.17,0.09,-0.30,101.0,3.81,11,1.2,1.85,0.3,2.2,16,.517,.507,$544000,Rule 5 Draft
583,Jorge Rondon\rondojo01,27,2TM,14.1,10,0,26,16.33,4.66,-0.02,-0.34,104.4,4.52,-19,-1.5,.20,0.6,-0.8,-17,.348,.495,,Waivers
584,Adam Rosales\rosalad01,32,TEX,2.0,2,0,3,13.50,5.30,0.01,-0.39,104.4,5.12,-2,-0.2,.00,0.1,-0.1,-2,.407,.499,$900000,Free Agency
585,Trevor Rosenthal\rosentr01,25,STL,68.2,68,0,16,2.10,4.21,0.10,-0.31,101.7,3.87,14,1.5,1.89,0.5,2.7,19,.522,.509,$535000,Amateur Draft
586,Seth Rosin\rosinse01,26,PHI,2.0,1,0,5,22.50,3.92,-0.77,-0.28,102.0,4.50,-4,-0.3,.12,0.1,-0.2,-4,.203,.498,,Rule 5 returned
587,David Ross\rossda01,38,CHC,2.0,2,0,0,0.00,3.93,0.10,-0.29,101.0,3.58,1,0.1,.00,-0.1,0.1,1,.545,.501,$2500000,Free Agency
588,Joe Ross\rossjo01,22,WSN,76.2,16,13,33,3.87,4.33,-0.11,0.15,101.1,4.64,7,0.8,.47,-0.1,1.4,13,.548,.505,,Traded
589,Robbie Ross*\rossro01,26,BOS,60.2,54,0,28,4.15,4.63,-0.04,-0.34,106.4,4.61,2,0.3,1.08,-0.1,0.8,9,.505,.502,$566500,Traded
590,Tyson Ross\rossty01,28,SDP,196.0,33,33,78,3.58,4.12,-0.09,0.16,95.2,4.16,13,1.5,,-0.1,3.1,29,.546,.509,$5250000,Traded
591,Zac Rosscup*\rosscza01,27,CHC,26.2,33,0,13,4.39,4.30,0.09,-0.31,99.8,3.89,-1,-0.1,1.57,-0.1,0.0,1,.496,.499,,Traded
592,Drew Rucinski\rucindr01,26,LAA,7.0,4,1,6,7.71,4.33,0.10,-0.13,99.6,4.08,-3,-0.3,.95,0.0,-0.2,-2,.427,.498,,Free Agency
593,Nick Rumbelow\rumbeni01,23,NYY,15.2,17,0,8,4.60,4.30,-0.25,-0.32,95.1,4.03,-1,-0.1,.55,0.0,0.0,0,.493,.499,,Amateur Draft
594,Chris Rusin*\rusinch01,28,COL,131.2,24,22,88,6.02,4.33,-0.14,0.15,117.3,5.42,-8,-0.9,.85,-0.1,0.2,2,.464,.495,,Waivers
595,James Russell*\russeja02,29,CHC,34.0,49,0,24,6.35,4.26,0.11,-0.31,99.4,3.81,-9,-1.0,1.13,-0.2,-0.9,-7,.479,.494,,Free Agency
596,Brendan Ryan\ryanbr01,33,NYY,2.0,1,0,0,0.00,4.35,-0.33,-0.32,96.0,4.19,1,0.1,.00,-0.1,0.1,1,.605,.501,$2000000,Traded
597,Kyle Ryan*\ryanky01,23,DET,56.1,16,6,29,4.63,4.22,0.02,-0.05,99.7,4.14,-4,-0.4,.58,0.0,0.1,2,.476,.498,,Amateur Draft
598,Marc Rzepczynski*\rzepcma01,29,2TM,35.0,72,0,29,7.46,4.66,0.04,-0.34,102.9,4.41,-12,-1.3,1.19,-0.2,-1.2,-9,.482,.496,$2400000,Traded
599,CC Sabathia*\sabatc.01,34,NYY,167.1,29,29,92,4.95,4.41,-0.26,0.17,98.4,4.76,-5,-0.5,,-0.1,1.0,12,.481,.497,$23000000,Free Agency
600,Casey Sadler\sadleca02,24,PIT,5.0,1,1,2,3.60,4.00,0.12,0.16,102.0,4.13,0,0.0,,0.0,0.1,1,.535,.500,,Amateur Draft
601,Fernando Salas\salasfe01,30,LAA,63.2,72,0,34,4.81,4.43,0.08,-0.33,92.8,3.73,-8,-0.9,1.13,-0.2,-0.4,-2,.488,.495,$1370000,Traded
602,Danny Salazar\salazda01,25,CLE,185.0,30,30,79,3.84,4.37,0.12,0.17,104.6,4.62,14,1.6,,-0.1,3.3,34,.552,.510,,Amateur Free Agent
603,Chris Sale*\salech01,26,CHW,208.2,31,31,88,3.80,4.26,-0.06,0.17,98.7,4.42,12,1.4,,-0.1,3.3,34,.544,.508,$6000000,Amateur Draft
604,Jeff Samardzija\samarje01,30,CHW,214.0,32,32,122,5.13,4.37,-0.07,0.17,98.0,4.52,-17,-1.7,,-0.1,0.2,6,.446,.489,$9800000,Traded
605,Keyvius Sampson\sampske01,24,CIN,52.1,13,12,43,7.39,4.27,-0.03,0.16,100.4,4.48,-17,-1.6,.00,0.0,-1.2,-13,.375,.490,,Waivers
606,Aaron Sanchez\sanchaa01,22,TOR,92.1,41,11,35,3.41,4.31,0.10,0.03,100.1,4.25,8,0.8,1.17,-0.1,1.7,17,.520,.505,$1021600,Amateur Draft
607,Anibal Sanchez\sanchan01,31,DET,157.0,25,25,89,5.10,4.41,0.02,0.17,96.9,4.43,-13,-1.4,,-0.1,0.1,3,.445,.492,$16800000,Traded
608,Ervin Santana\santaer01,32,MIN,108.0,17,17,50,4.17,4.43,-0.07,0.17,101.2,4.73,6,0.6,,-0.1,1.6,17,.537,.504,$13500000,Free Agency
609,Hector Santiago*\santihe01,27,LAA,180.2,33,32,80,3.99,4.36,0.09,0.16,93.0,4.13,1,0.1,.29,-0.1,1.8,20,.503,.501,$2290000,Traded
610,Sergio Santos\santose01,31,2TM,16.1,14,0,9,4.96,4.13,-0.02,-0.30,95.0,3.66,-2,-0.2,.62,0.0,-0.1,-1,.482,.499,,Free Agency
611,Rob Scahill\scahiro01,28,PIT,30.2,28,0,15,4.40,4.02,0.15,-0.29,97.7,3.50,-3,-0.3,.88,-0.1,-0.1,-1,.489,.498,,Traded
612,Tanner Scheppers\schepta01,28,TEX,38.1,42,0,25,5.87,4.45,0.01,-0.33,105.8,4.36,-7,-0.7,1.19,-0.2,-0.5,-3,.483,.496,$515200,Amateur Draft
613,Max Scherzer\scherma01,30,WSN,228.2,33,33,74,2.91,4.22,-0.09,0.17,102.9,4.61,44,5.3,,-0.2,7.1,62,.660,.533,$17142000,Free Agency
614,Brian Schlitter\schlibr01,29,CHC,7.1,10,0,6,7.36,4.33,0.13,-0.31,105.4,4.09,-3,-0.3,1.77,-0.1,-0.3,-2,.472,.498,,Waivers--voided
615,A.J. Schugel\schugaj01,26,ARI,9.0,5,0,13,13.00,4.51,0.54,-0.33,106.6,3.88,-9,-0.8,.23,0.3,-0.5,-8,.333,.495,,Traded
616,Bo Schultz\schulbo02,29,TOR,43.0,31,0,19,3.98,4.25,0.10,-0.31,98.8,3.80,-1,-0.1,.88,-0.1,0.2,3,.496,.499,,Waivers
617,Evan Scribner\scribev01,29,OAK,60.0,54,0,31,4.65,4.50,-0.02,-0.33,98.6,4.12,-4,-0.4,1.04,-0.2,0.0,2,.492,.497,$512500,Waivers
618,Luis Severino\severlu01,21,NYY,62.1,11,11,21,3.03,4.46,-0.23,0.17,98.3,4.78,11,1.3,,0.0,1.9,18,.621,.508,,Amateur Free Agent
619,Bryan Shaw\shawbr01,27,CLE,64.0,74,0,24,3.38,4.44,0.13,-0.33,105.5,4.20,5,0.6,1.32,-0.1,1.2,12,.508,.503,$1550000,Traded
620,James Shields\shielja02,33,SDP,202.1,33,33,93,4.14,4.17,-0.09,0.17,94.7,4.19,2,0.2,,-0.2,1.9,18,.507,.501,$10000000,Free Agency
621,Matt Shoemaker\shoemma01,28,LAA,135.1,25,24,70,4.66,4.36,0.09,0.17,95.8,4.25,-7,-0.8,.00,-0.1,0.5,7,.469,.495,$517500,Amateur Free Agent
622,Chasen Shreve*\shrevch01,24,NYY,58.1,59,0,21,3.24,4.42,-0.21,-0.33,97.9,4.22,6,0.6,1.16,-0.1,1.1,12,.511,.504,$510275,Traded
623,Kevin Siegrist*\siegrke01,25,STL,74.2,81,0,20,2.41,4.18,0.09,-0.30,101.2,3.83,12,1.3,1.43,0.1,2.1,18,.516,.508,$518000,Amateur Draft
624,Alfredo Simon\simonal01,34,DET,187.0,31,31,112,5.39,4.25,0.02,0.17,98.6,4.33,-24,-2.4,,-0.1,-0.7,-4,.423,.485,$5550000,Traded
625,Tony Sipp*\sippto01,31,HOU,54.1,60,0,13,2.15,4.41,0.10,-0.32,101.0,4.02,11,1.2,1.24,0.0,1.7,16,.520,.507,$2400000,Free Agency
626,Carson Smith\smithca02,25,SEA,70.0,70,0,19,2.44,4.40,-0.28,-0.32,94.6,4.12,12,1.3,1.62,0.3,2.3,20,.519,.508,,Amateur Draft
627,Chad Smith\smithch09,25,OAK,1.1,2,0,5,33.75,4.19,-0.03,-0.31,108.2,4.23,-4,-0.4,.18,0.2,-0.2,-4,.308,.498,,Waivers
628,Joe Smith\smithjo05,31,LAA,65.1,70,0,26,3.58,4.42,0.09,-0.33,92.1,3.69,0,0.0,1.60,-0.1,0.5,7,.500,.500,$5250000,Free Agency
629,Josh Smith\smithjo07,27,CIN,32.2,9,7,27,7.44,4.35,-0.03,0.14,98.7,4.45,-11,-1.0,.31,0.0,-0.8,-8,.384,.494,,Amateur Draft
630,Will Smith*\smithwi04,25,MIL,63.1,76,0,23,3.27,4.14,-0.01,-0.30,101.3,3.90,5,0.5,1.27,-0.1,1.0,10,.507,.503,$512500,Traded
631,Drew Smyly*\smylydr01,26,TBR,66.2,12,12,24,3.24,4.39,0.11,0.17,101.6,4.53,9,1.0,,0.0,1.6,16,.584,.506,$2650000,Traded
632,Miguel Socolovich\socolmi01,28,STL,29.2,28,0,7,2.12,4.21,0.11,-0.31,100.4,3.81,6,0.6,.64,-0.2,0.7,8,.522,.504,,Free Agency
633,Sammy Solis*\solissa01,26,WSN,21.1,18,0,11,4.64,4.27,-0.12,-0.31,101.1,4.13,-1,-0.1,.59,0.0,0.1,1,.493,.499,,Amateur Draft
634,Joakim Soria\soriajo01,31,2TM,67.2,72,0,20,2.66,4.20,0.06,-0.31,100.3,3.85,9,0.9,1.64,0.1,1.7,15,.513,.503,$7000000,Traded
635,Rafael Soriano\soriara01,35,CHC,5.2,6,0,4,6.35,3.78,0.12,-0.27,101.0,3.42,-2,-0.2,1.69,-0.1,-0.2,-1,.468,.499,,Free Agency
636,Giovanni Soto*\sotogi01,24,CLE,3.1,6,0,0,0.00,5.11,0.17,-0.38,103.8,4.74,2,0.2,.34,-0.1,0.2,2,.532,.501,,Traded
637,Craig Stammen\stammcr01,31,WSN,4.0,5,0,0,0.00,4.10,-0.10,-0.30,104.4,4.07,2,0.2,1.91,0.1,0.3,2,.541,.501,$2250000,Amateur Draft
638,Tim Stauffer\staufti01,33,2TM,20.2,18,0,18,7.84,4.43,-0.07,-0.33,100.7,4.22,-8,-0.9,.59,0.1,-0.5,-6,.451,.497,$2200000,Free Agency
639,Matt Stites\stitema01,25,ARI,8.2,11,0,14,14.54,4.37,0.45,-0.32,108.8,3.92,-10,-1.0,.16,0.4,-0.5,-9,.407,.494,$510500,Traded
640,Drew Storen\storedr01,27,WSN,55.0,58,0,23,3.76,4.23,-0.09,-0.31,103.7,4.16,3,0.3,1.55,-0.1,0.7,7,.505,.502,$5700000,Amateur Draft
641,Dan Straily\straida01,26,HOU,16.2,4,3,11,5.94,4.04,0.13,0.12,111.1,4.48,-3,-0.3,.11,0.0,-0.1,-1,.427,.498,,Traded
642,Stephen Strasburg\strasst01,26,WSN,127.1,23,23,56,3.96,4.13,-0.10,0.16,104.1,4.57,9,1.0,,-0.1,2.1,19,.545,.506,$7400000,Amateur Draft
643,Huston Street\streehu01,31,LAA,62.1,62,0,22,3.18,4.39,0.08,-0.32,92.3,3.68,3,0.3,1.89,0.0,0.9,9,.505,.502,$7000000,Traded
644,Hunter Strickland\strichu01,26,SFG,51.1,55,0,14,2.45,4.22,0.15,-0.31,99.0,3.73,7,0.8,1.43,0.0,1.3,12,.515,.505,,Waivers
645,Marcus Stroman\stromma01,24,TOR,27.0,4,4,5,1.67,4.49,0.09,0.17,98.9,4.52,8,1.0,,0.0,1.3,11,.754,.506,$514700,Amateur Draft
646,Pedro Strop\stroppe01,30,CHC,68.0,76,0,24,3.18,4.16,0.08,-0.30,100.1,3.79,5,0.5,1.61,0.0,1.2,10,.507,.503,$2525000,Traded
647,Eric Stults*\stulter01,35,ATL,47.2,9,8,31,5.85,4.23,-0.13,0.13,94.2,4.24,-8,-0.8,.01,0.0,-0.4,-5,.407,.495,,Free Agency
648,Jesus Sucre\sucreje01,27,SEA,2.0,2,0,3,13.50,4.24,-0.65,-0.31,110.2,5.05,-2,-0.2,.00,0.1,-0.1,-2,.406,.499,$509300,Free Agency
649,Eric Surkamp*\surkaer01,27,LAD,3.1,1,0,4,10.80,3.86,0.02,-0.28,90.0,3.20,-3,-0.2,1.04,0.0,-0.2,-3,.266,.499,,Traded
650,Ichiro Suzuki\suzukic01,41,MIA,1.0,1,0,1,9.00,3.86,0.37,-0.28,102.0,3.28,-1,-0.1,.05,0.0,0.0,-1,.435,.500,$2000000,Free Agency
651,Anthony Swarzak\swarzan01,29,CLE,13.1,10,0,9,6.08,4.30,0.15,-0.32,106.7,4.10,-3,-0.3,.30,0.1,-0.1,-2,.468,.498,$900000,Free Agency
652,Noah Syndergaard\syndeno01,22,NYM,150.0,24,24,60,3.60,4.19,-0.02,0.17,92.7,4.05,8,0.9,,-0.1,2.1,20,.538,.506,,Traded
653,Masahiro Tanaka\tanakma01,26,NYY,154.0,24,24,66,3.86,4.50,-0.23,0.18,96.9,4.76,14,1.6,,-0.1,3.0,30,.565,.510,$22000000,Free Agency
654,Junichi Tazawa\tazawju01,29,BOS,58.2,61,0,28,4.30,4.44,-0.04,-0.33,107.1,4.45,0,0.0,1.35,-0.1,0.5,7,.501,.500,$2250000,Free Agency
655,Everett Teaford*\teafoev01,31,TBR,5.2,4,0,1,1.59,4.70,0.11,-0.35,98.1,4.16,2,0.2,1.01,0.0,0.2,2,.543,.501,,Free Agency
656,Julio Teheran\teherju01,24,ATL,200.2,33,33,99,4.44,4.28,-0.12,0.17,95.5,4.36,-1,-0.1,,-0.2,1.5,15,.497,.499,$1000000,Amateur Free Agent
657,Ryan Tepera\teperry01,27,TOR,33.0,32,0,14,3.82,4.44,0.10,-0.33,98.7,3.96,0,0.0,.55,-0.1,0.3,4,.501,.500,,Amateur Draft
658,Joe Thatcher*\thatcjo01,33,HOU,22.2,43,0,8,3.18,4.81,0.11,-0.35,99.6,4.33,3,0.3,1.06,0.0,0.5,5,.507,.502,$1000000,Free Agency
659,Dale Thayer\thayeda01,34,SDP,37.2,38,0,17,4.06,4.23,-0.10,-0.31,91.7,3.69,-1,-0.2,.95,-0.1,0.1,2,.496,.499,$1375000,Free Agency
660,Caleb Thielbar*\thielca01,28,MIN,5.0,6,0,3,5.40,4.19,-0.07,-0.31,105.1,4.16,-1,-0.1,.89,0.0,0.0,0,.487,.500,,Free Agency
661,Ian Thomas*\thomaia01,28,2TM,23.1,14,1,11,4.24,4.06,-0.01,-0.20,106.6,4.12,0,0.0,.96,0.0,0.2,2,.498,.500,,Free Agency
662,Aaron Thompson*\thompaa01,28,MIN,32.1,41,0,19,5.29,4.40,-0.08,-0.32,102.6,4.27,-4,-0.4,1.39,-0.2,-0.3,-1,.490,.497,$520000,Free Agency
663,Tyler Thornburg\thornty01,26,MIL,34.1,24,0,22,5.77,4.09,-0.02,-0.30,100.9,3.85,-7,-0.8,.75,0.0,-0.4,-4,.468,.495,$510500,Amateur Draft
664,Matt Thornton*\thornma01,38,WSN,41.1,60,0,12,2.61,4.18,-0.12,-0.30,102.7,4.11,7,0.8,1.29,0.0,1.2,10,.513,.505,$3500000,Waivers
665,Chris Tillman\tillmch01,27,BAL,173.0,31,31,97,5.05,4.44,0.01,0.17,103.0,4.74,-8,-0.8,,-0.1,0.8,10,.474,.495,$4315000,Traded
666,Shawn Tolleson\tollesh01,27,TEX,72.1,73,0,25,3.11,4.41,0.01,-0.32,104.7,4.27,9,0.9,1.63,0.1,1.8,16,.513,.506,$519700,Waivers
667,Josh Tomlin\tomlijo01,30,CLE,65.2,10,10,22,3.02,4.36,0.13,0.17,105.7,4.66,11,1.3,,0.0,1.9,18,.632,.508,$1500000,Amateur Draft
668,Michael Tonkin\tonkimi01,25,MIN,23.1,26,0,9,3.47,4.20,-0.07,-0.31,104.7,4.14,2,0.2,.74,-0.1,0.3,4,.506,.501,,Amateur Draft
669,Alex Torres*\torreal01,27,NYM,34.1,39,0,16,4.19,4.39,-0.02,-0.32,92.2,3.77,-1,-0.2,1.09,-0.1,0.1,1,.496,.499,$522900,Traded
670,Carlos Torres\torreca01,32,NYM,57.2,59,0,32,4.99,4.18,-0.02,-0.30,93.9,3.66,-8,-0.9,1.07,-0.2,-0.5,-4,.485,.494,$582125,Free Agency
671,Matt Tracy*\tracyma01,26,NYY,2.0,1,0,3,13.50,4.14,-0.33,-0.31,96.0,4.01,-2,-0.2,.12,0.1,-0.1,-2,.312,.499,,Waivers
672,Blake Treinen\treinbl01,27,WSN,67.2,60,0,32,4.26,4.21,-0.10,-0.31,102.0,4.08,-1,-0.1,1.12,-0.2,0.3,4,.498,.499,$512800,Traded
673,Nick Tropeano\tropeni01,24,LAA,37.2,8,7,18,4.30,4.36,0.09,0.16,88.5,3.92,-2,-0.2,.03,0.0,0.1,2,.474,.499,,Traded
674,Chin-hui Tsao\tsaoch01,34,LAD,7.0,5,0,9,11.57,4.07,0.03,-0.30,93.7,3.51,-6,-0.6,.81,0.0,-0.5,-6,.379,.496,,Free Agency
675,Sam Tuivailala\tuivasa01,22,STL,14.2,14,0,5,3.07,4.43,0.10,-0.32,97.9,3.93,1,0.2,1.09,0.0,0.3,3,.512,.501,,Amateur Draft
676,Koji Uehara\ueharko01,40,BOS,40.1,43,0,14,3.12,4.58,-0.04,-0.34,107.7,4.60,6,0.7,1.83,0.2,1.3,10,.516,.504,$9000000,Free Agency
677,Jose Urena\urenajo01,23,MIA,61.2,20,9,37,5.40,4.14,0.25,0.05,100.5,3.96,-10,-1.0,.56,0.0,-0.5,-5,.450,.494,,Amateur Free Agent
678,Jose Valdez\valdejo03,25,DET,9.0,7,0,4,4.00,4.32,0.02,-0.32,100.0,3.98,0,0.0,.78,0.0,0.1,1,.498,.500,,Amateur Free Agent
679,Jason Vargas*\vargaja01,32,KCR,43.0,9,9,20,4.19,4.14,0.26,0.16,103.2,4.17,-1,-0.1,,0.0,0.3,4,.494,.500,$8500000,Free Agency
680,Anthony Varvaro\varvaan01,30,BOS,11.0,9,0,5,4.09,4.56,-0.05,-0.34,106.4,4.55,0,0.0,.80,0.0,0.1,2,.505,.500,$576500,Waivers--return
681,Donnie Veal*\vealdo01,30,ATL,4.1,5,0,7,14.54,4.08,-0.17,-0.30,92.0,3.64,-5,-0.5,.69,0.1,-0.4,-5,.396,.497,,Free Agency
682,Vince Velasquez\velasvi01,23,HOU,55.2,19,7,28,4.53,4.27,0.11,0.01,100.2,4.19,-3,-0.3,.55,0.0,0.2,3,.485,.498,,Amateur Draft
683,Pat Venditte#\vendipa01,30,OAK,28.2,26,0,14,4.40,4.47,-0.02,-0.33,98.6,4.10,-1,-0.1,1.03,-0.1,0.1,2,.495,.499,,Free Agency
684,Yordano Ventura\ventuyo01,24,KCR,163.1,28,28,75,4.13,4.32,0.23,0.17,104.2,4.44,4,0.4,,-0.1,1.9,21,.515,.503,$950000,Amateur Free Agent
685,Drew VerHagen\verhadr01,24,DET,26.1,20,0,6,2.05,4.45,0.02,-0.33,98.8,4.06,6,0.6,1.13,0.0,0.9,8,.531,.504,,Amateur Draft
686,Justin Verlander\verlaju01,32,DET,133.1,20,20,56,3.78,4.31,0.02,0.17,99.6,4.44,8,0.9,,-0.1,2.2,22,.547,.506,$28000000,Amateur Draft
687,Logan Verrett\verrelo01,25,2TM,47.2,18,4,20,3.78,4.10,-0.01,-0.09,102.3,4.12,2,0.2,.94,0.0,0.7,6,.513,.502,,Rule 5 returned
688,Carlos Villanueva\villaca01,31,STL,61.0,35,0,21,3.10,4.15,0.11,-0.30,102.7,3.84,5,0.6,.72,-0.2,0.9,10,.517,.504,$2000000,Free Agency
689,Pedro Villarreal\villape01,27,CIN,50.0,29,0,24,4.32,4.30,-0.03,-0.31,98.7,3.96,-2,-0.2,.70,-0.1,0.2,2,.493,.499,,Amateur Draft
690,Nick Vincent\vinceni01,28,SDP,23.0,26,0,8,3.13,4.30,-0.10,-0.31,93.4,3.82,2,0.2,.61,-0.1,0.3,4,.508,.501,$525300,Amateur Draft
691,Arodys Vizcaino\vizcaar01,24,ATL,33.2,36,0,7,1.87,4.15,-0.11,-0.30,97.9,3.87,8,0.8,1.38,0.1,1.2,10,.523,.505,,Traded
692,Ryan Vogelsong\vogelry01,37,SFG,135.0,33,22,76,5.07,4.19,0.18,0.10,98.8,4.06,-15,-1.5,.96,-0.1,-0.5,-4,.454,.491,$4000000,Free Agency
693,Edinson Volquez\volqued01,31,KCR,200.1,34,33,89,4.00,4.28,0.24,0.16,103.9,4.36,6,0.6,.74,-0.1,2.5,27,.519,.504,$7500000,Free Agency
694,Chris Volstad\volstch01,28,PIT,2.0,1,0,0,0.00,4.00,0.16,-0.29,96.0,3.41,1,0.1,.31,0.0,0.1,1,.588,.501,,Free Agency
695,Michael Wacha\wachami01,23,STL,181.1,30,30,74,3.67,4.19,0.11,0.17,101.4,4.30,13,1.5,,-0.1,3.0,28,.550,.509,$520000,Amateur Draft
696,Tsuyoshi Wada*\wadats01,34,CHC,32.1,8,7,14,3.90,4.13,0.09,0.15,101.2,4.24,1,0.1,.00,0.0,0.4,4,.519,.501,$4000000,Free Agency
697,Tyler Wagner\wagnety01,24,MIL,13.2,3,3,11,7.24,4.09,-0.03,0.16,102.0,4.37,-4,-0.4,,0.0,-0.3,-3,.363,.497,,Amateur Draft
698,Adam Wainwright\wainwad01,33,STL,28.0,7,4,7,2.25,4.05,0.12,0.11,100.6,4.07,6,0.7,.16,-0.1,0.9,8,.596,.504,$19500000,Traded
699,Jordan Walden\waldejo01,27,STL,10.1,12,0,1,0.87,4.01,0.10,-0.29,102.5,3.71,3,0.4,1.68,0.1,0.6,4,.531,.502,$2675000,Traded
700,Taijuan Walker\walketa01,22,SEA,169.2,29,29,92,4.88,4.43,-0.35,0.17,96.0,4.76,-4,-0.4,,-0.1,1.1,14,.485,.497,$513100,Amateur Draft
701,Adam Warren\warread01,27,NYY,131.1,43,17,51,3.49,4.33,-0.24,0.04,98.6,4.55,14,1.5,.99,-0.1,2.7,28,.536,.510,$572600,Amateur Draft
702,Tony Watson*\watsoto01,30,PIT,75.1,77,0,17,2.03,4.12,0.13,-0.30,98.1,3.63,14,1.5,1.62,0.3,2.5,20,.520,.509,$1750000,Amateur Draft
703,Jered Weaver\weaveje02,32,LAA,159.0,26,26,84,4.75,4.41,0.10,0.17,93.9,4.21,-11,-1.2,,-0.1,0.3,5,.455,.493,$18000000,Amateur Draft
704,Daniel Webb\webbda01,25,CHW,30.0,27,0,26,7.80,4.28,-0.08,-0.32,97.9,3.96,-13,-1.4,.62,0.2,-0.9,-10,.450,.492,,Traded
705,Ryan Webb\webbry01,29,CLE,50.2,40,0,21,3.73,4.50,0.14,-0.33,106.7,4.30,3,0.3,.44,-0.2,0.6,8,.507,.502,,Free Agency
706,Ryan Weber\weberry01,24,ATL,28.1,5,5,15,4.76,4.11,-0.12,0.16,94.7,4.16,-2,-0.2,,0.0,0.0,0,.462,.499,,Amateur Draft
707,Allen Webster\webstal01,25,ARI,31.0,9,5,28,8.13,4.30,0.39,0.06,109.8,4.35,-13,-1.2,.20,0.1,-0.9,-10,.363,.492,,Traded
708,Matt West\westma03,26,LAD,3.0,2,0,0,0.00,4.55,0.02,-0.33,90.0,3.77,1,0.1,.06,-0.1,0.1,2,.573,.501,,Purchased
709,Chase Whitley\whitlch01,26,NYY,19.1,4,4,9,4.19,4.79,-0.26,0.19,96.0,5.02,2,0.2,,0.0,0.4,4,.544,.501,,Amateur Draft
710,Joe Wieland\wielajo01,25,LAD,8.2,2,2,8,8.31,4.34,0.03,0.17,95.2,4.26,-4,-0.4,,0.0,-0.3,-3,.325,.498,$590000,Traded
711,Tom Wilhelmsen\wilheto01,31,SEA,62.0,53,0,24,3.48,4.39,-0.34,-0.32,96.2,4.24,5,0.5,1.42,0.0,1.1,11,.509,.503,$1400000,Free Agency
712,Adam Wilk*\wilkad01,27,LAA,2.0,1,0,1,4.50,4.23,0.09,-0.31,110.0,4.21,0,0.0,.02,0.0,0.0,0,.491,.500,,Free Agency
713,Jerome Williams\willije01,33,PHI,121.0,33,21,83,6.17,4.30,-0.47,0.11,100.8,4.92,-16,-1.7,1.57,-0.2,-0.8,-7,.448,.489,$2500000,Waivers
714,Alex Wilson\wilsoal01,28,DET,70.0,59,1,19,2.44,4.30,0.02,-0.30,97.7,3.89,11,1.1,1.00,-0.2,1.7,18,.519,.507,,Traded
715,C.J. Wilson*\wilsocj01,34,LAA,132.0,21,21,59,4.02,4.37,0.09,0.17,92.2,4.11,0,0.0,,-0.1,1.2,14,.499,.500,$18000000,Free Agency
716,Josh Wilson\wilsojo03,34,DET,1.0,1,0,1,9.00,4.81,0.03,-0.35,96.0,4.25,-1,-0.1,.00,0.0,0.0,0,.445,.500,,Free Agency
717,Justin Wilson*\wilsoju10,27,NYY,61.0,74,0,21,3.10,4.40,-0.21,-0.32,98.7,4.23,7,0.8,1.48,0.0,1.4,13,.510,.505,$556000,Traded
718,Tyler Wilson\wilsoty01,25,BAL,36.0,9,5,14,3.50,4.54,0.01,0.02,101.6,4.62,4,0.5,.63,-0.1,0.8,8,.551,.503,,Amateur Draft
719,Dan Winkler\winklda01,25,ATL,1.2,2,0,2,10.80,4.34,-0.12,-0.31,94.3,3.91,-1,-0.1,.11,0.1,-0.1,-1,.435,.499,,Rule 5 Draft
720,Matt Wisler\wislema01,22,ATL,109.0,20,19,59,4.87,4.30,-0.14,0.16,97.4,4.48,-4,-0.5,.21,-0.1,0.4,4,.477,.497,,Traded
721,Asher Wojciechowski\wojcias01,26,HOU,16.1,5,3,13,7.16,4.20,0.14,0.04,96.7,3.96,-6,-0.6,.14,0.0,-0.4,-4,.385,.496,,Traded
722,Randy Wolf*\wolfra02,38,DET,34.2,8,7,28,7.27,4.28,0.02,0.15,98.9,4.37,-12,-1.1,1.36,0.0,-0.8,-8,.364,.493,,Purchased
723,Alex Wood*\woodal02,24,2TM,189.2,32,32,86,4.08,4.22,-0.07,0.17,98.8,4.41,8,0.9,,-0.1,2.4,23,.528,.504,$520000,Amateur Draft
724,Travis Wood*\woodtr01,28,CHC,100.2,54,9,48,4.29,4.10,0.09,-0.10,102.2,4.00,-3,-0.3,.89,-0.2,0.4,5,.494,.498,$5686000,Traded
725,Rob Wooten\wootero01,29,MIL,6.0,4,0,8,12.00,4.21,-0.02,-0.31,102.0,4.00,-5,-0.5,.28,0.2,-0.3,-5,.372,.497,$509500,Amateur Draft
726,Vance Worley\worleva01,27,PIT,71.2,23,8,36,4.52,4.09,0.15,-0.02,98.1,3.84,-5,-0.5,.82,-0.1,0.0,1,.476,.497,$2450000,Purchased
727,Mike Wright\wrighmi01,25,BAL,44.2,12,9,30,6.04,4.59,0.01,0.14,102.6,4.85,-6,-0.7,.78,0.0,-0.2,-2,.445,.496,,Amateur Draft
728,Steven Wright\wrighst01,30,BOS,72.2,16,9,38,4.71,4.47,-0.04,0.03,103.8,4.72,-1,-0.1,.64,-0.1,0.6,7,.496,.500,$510500,Traded
729,Wesley Wright*\wrighwe01,30,2TM,7.1,11,0,4,4.91,4.65,0.07,-0.34,98.4,4.19,-1,-0.1,.43,0.0,0.0,0,.494,.500,$1700000,Free Agency
730,Kirby Yates\yateski01,28,TBR,20.1,20,0,18,7.97,4.57,0.13,-0.34,100.6,4.14,-9,-0.9,.50,0.2,-0.5,-7,.454,.494,$512800,Amateur Free Agent
731,Chris Young\youngch03,36,KCR,123.1,34,18,44,3.21,4.26,0.24,0.07,103.6,4.23,13,1.4,.71,-0.2,2.5,26,.541,.509,$675000,Free Agency
732,Brad Ziegler\zieglbr01,35,ARI,68.0,66,0,17,2.25,4.24,0.36,-0.31,105.1,3.75,12,1.3,1.61,0.2,2.1,17,.519,.508,$5000000,Traded
733,Jordan Zimmermann\zimmejo02,29,WSN,201.2,33,33,89,3.97,4.23,-0.11,0.17,103.4,4.66,16,1.8,,-0.2,3.5,32,.556,.511,$16500000,Amateur Draft
734,Barry Zito*\zitoba01,37,OAK,7.0,3,2,8,10.29,4.68,-0.03,0.11,93.2,4.49,-5,-0.4,.22,0.0,-0.3,-4,.357,.497,,Free Agency
735,Tony Zych\zychto01,24,SEA,18.1,13,1,6,2.95,4.35,-0.30,-0.25,91.7,4.04,2,0.2,1.16,0.0,0.4,4,.517,.501,,Purchased
